,SMILES,in_silico_SARS_CoV_2_Mpro_docking_structure_POSIT_msk,Compound_ID,in_silico_SARS_CoV_2_Mpro_docking_confidence_POSIT_msk,in_silico_SARS_CoV_2_Mpro_docking_score_POSIT_msk,POSIT_Method,POSIT,RMSD,Dataset,Complex_ID,Reference_Ligand,TanimotoCombo
0,C[NH+](C)CCOc1ccc2cncc(c2c1)NC(=O)Cc3cccc(c3)Cl,Mpro-P1981_0A_PET-UNK-b38839dc-1_prepped_receptor_0,MAT-POS-90fd5f68-31,0.9,-5.820684432983398,ALL,0.9,1.3788827292954144,Mpro-P1981_0A,MAT-POS-90fd5f68-31_Mpro-P1981_0A,PET-UNK-b38839dc-1,1.3451440334320068
1,c1ccc2c(c1)cncc2NC(=O)[C@@H](c3cccc(c3)Cl)NC(=O)[C@@H]4CC[C@@H](O4)C(=O)N5CCCC5,Mpro-P0747_0A_MAT-POS-e9e99895-13_prepped_receptor_0,MAT-POS-7174c657-5,0.72,-5.068477630615234,ALL,0.72,4.252908197733988,Mpro-P0747_0A,MAT-POS-7174c657-5_Mpro-P0747_0A,MAT-POS-e9e99895-13,0.8901625871658325
2,CNC(=O)C[C@]1(CCOc2c1cc(cc2)Cl)C(=O)Nc3cncc4c3cccc4,Mpro-P0160_0A_EDG-MED-5d232de5-1_prepped_receptor_0,MAT-POS-5d65ec79-2,0.91,-8.876922607421875,ALL,0.91,0.9196919153688808,Mpro-P0160_0A,MAT-POS-5d65ec79-2_Mpro-P0160_0A,EDG-MED-5d232de5-1,1.4723966121673584
3,Cn1c(ccn1)C(=O)N2Cc3ccc(cc3[C@@H](C2)C(=O)Nc4cncc5c4cccc5)Cl,Mpro-P0160_0A_EDG-MED-5d232de5-1_prepped_receptor_0,MAT-POS-4223bc15-40,0.5,-8.630420684814453,ALL,0.5,1.5108676844638114,Mpro-P0160_0A,MAT-POS-4223bc15-40_Mpro-P0160_0A,EDG-MED-5d232de5-1,1.137819528579712
4,CN(C)c1ccc2cncc(c2c1)NC(=O)Cc3cccc(c3)Cl,Mpro-P0887_0A_RUB-POS-1325a9ea-4_prepped_receptor_0,PET-UNK-d899bab6-1,0.97,-9.293693542480469,ALL,0.97,0.7291534336190363,Mpro-P0887_0A,PET-UNK-d899bab6-1_Mpro-P0887_0A,RUB-POS-1325a9ea-4,1.7871367931365967
5,Cc1ccncc1NC(=O)Cc2cc(cc(c2)Cl)O[C@H]3CC(=O)N3,Mpro-P2028_0A_ALP-POS-6479a3a9-2_prepped_receptor_0,TRY-UNI-2eddb1ff-7,0.2300000041723251,-5.998390197753906,ALL,0.23000000417232513,4.423833346424708,Mpro-P2028_0A,TRY-UNI-2eddb1ff-7_Mpro-P2028_0A,ALP-POS-6479a3a9-2,0.32509446144104004
6,c1cc(cc(c1)Cl)CC(=O)Nc2cncc3c2ccc(c3)C(=O)[O-],Mpro-P2185_0A_MAT-POS-90fd5f68-2_prepped_receptor_0,MAT-POS-90fd5f68-38,0.89,-10.799721717834473,ALL,0.89,0.7085957794571265,Mpro-P2185_0A,MAT-POS-90fd5f68-38_Mpro-P2185_0A,MAT-POS-90fd5f68-2,1.6799410581588745
7,c1ccc2c(c1)cncc2N3C(=O)C[C@@]4(C3=O)CCOc5c4cc(cc5)Cl,Mpro-P2197_0A_ALP-POS-477dc5b7-4_prepped_receptor_0,VLA-UCB-50c39ae8-2,0.95,-10.573558807373049,ALL,0.9500000000000001,0.8762166431488888,Mpro-P2197_0A,VLA-UCB-50c39ae8-2_Mpro-P2197_0A,ALP-POS-477dc5b7-4,1.1610110998153687
8,c1ccc2c(c1)cncc2NC(=O)[C@@]3(CCOc4c3cc(cc4)Cl)CNC(=O)Cn5ccnc5,Mpro-P1200_0A_MAT-POS-e6dd326d-6_prepped_receptor_0,EDG-MED-70ae9412-1,0.85,-9.541426658630373,ALL,0.85,1.1288147559634296,Mpro-P1200_0A,EDG-MED-70ae9412-1_Mpro-P1200_0A,MAT-POS-e6dd326d-6,1.2220091819763184
9,c1ccc2c(c1)cncc2NC(=O)[C@@H]3C[NH2+]Cc4c3cc(cc4)Cl,Mpro-P0160_0A_EDG-MED-5d232de5-1_prepped_receptor_0,MAT-POS-3ccb8ef6-1,0.9,-9.038774490356444,ALL,0.9,0.44310591122653004,Mpro-P0160_0A,MAT-POS-3ccb8ef6-1_Mpro-P0160_0A,EDG-MED-5d232de5-1,1.6016377210617065
10,c1ccc2c(c1)cncc2NC(=O)[C@@H]3CCOc4c3cc(c(c4)Cl)Cl,Mpro-P0160_0A_EDG-MED-5d232de5-1_prepped_receptor_0,ALP-POS-869ac754-1,0.85,-7.2569403648376465,ALL,0.85,0.6827712149081,Mpro-P0160_0A,ALP-POS-869ac754-1_Mpro-P0160_0A,EDG-MED-5d232de5-1,1.343427300453186
11,c1ccc2c(c1)cncc2NC(=O)[C@H]3c4cc(ccc4CC[NH2+]3)Cl,Mpro-P0160_0A_EDG-MED-5d232de5-1_prepped_receptor_0,MAT-POS-fb82b63d-1,0.9,-8.744695663452148,ALL,0.9,0.7988848488884166,Mpro-P0160_0A,MAT-POS-fb82b63d-1_Mpro-P0160_0A,EDG-MED-5d232de5-1,1.174764633178711
12,CO[C@]1(CCOc2c1cc(cc2F)F)C(=O)Nc3cncc4c3cccc4,Mpro-P0157_0A_PET-UNK-29afea89-2_prepped_receptor_0,EDJ-MED-37aac4bd-4,0.89,-10.176823616027832,ALL,0.89,0.6025109329912002,Mpro-P0157_0A,EDJ-MED-37aac4bd-4_Mpro-P0157_0A,PET-UNK-29afea89-2,1.4777673482894897
13,CNC(=O)CN1C[C@H](c2cc(ccc2C1=O)Cl)C(=O)Nc3cncc4c3ccc(c4)F,Mpro-P1835_0A_EDJ-MED-015fb6b4-2_prepped_receptor_0,MAT-POS-e119ab4f-1,0.99,-9.646846771240234,ALL,0.99,0.30398090559129803,Mpro-P1835_0A,MAT-POS-e119ab4f-1_Mpro-P1835_0A,EDJ-MED-015fb6b4-2,1.7592899799346924
14,c1cc2cncc(c2cc1F)NC(=O)[C@@H]3CCOc4c3cc(c(c4)F)Cl,Mpro-P0160_0A_EDG-MED-5d232de5-1_prepped_receptor_0,MAT-POS-96f51285-5,0.99,-8.747977256774902,ALL,0.99,0.6583655742017012,Mpro-P0160_0A,MAT-POS-96f51285-5_Mpro-P0160_0A,EDG-MED-5d232de5-1,1.374169111251831
15,C[NH2+][C@@H](c1ccc(c(c1)Cl)Cl)C(=O)Nc2cncc3c2cccc3,Mpro-P0069_0A_RAL-THA-2d450e86-7_prepped_receptor_0,MAT-POS-fce787c2-5,0.79,-7.34242057800293,ALL,0.79,0.4347852130124879,Mpro-P0069_0A,MAT-POS-fce787c2-5_Mpro-P0069_0A,RAL-THA-2d450e86-7,1.6265668869018555
16,c1cc(cc(c1)Cl)CC(=O)Nc2cncc3c2cc(cc3)C(=O)[O-],Mpro-P2218_0A_MAT-POS-90fd5f68-19_prepped_receptor_0,MAT-POS-90fd5f68-37,0.89,-10.143546104431152,ALL,0.89,0.3418154895922757,Mpro-P2218_0A,MAT-POS-90fd5f68-37_Mpro-P2218_0A,MAT-POS-90fd5f68-19,1.6491777896881104
17,c1cc2c(cc1Cl)[C@@H](CCO2)C(=O)N[C@@H]3CCNC(=O)C3,Mpro-P0145_0A_BRU-CON-c4e3408a-1_prepped_receptor_0,ALP-POS-8b8a49e1-4,0.9,-7.86602783203125,ALL,0.9,4.700090929658812,Mpro-P0145_0A,ALP-POS-8b8a49e1-4_Mpro-P0145_0A,BRU-CON-c4e3408a-1,0.04142311215400696
18,c1ccc2c(c1)cncc2NC(=O)[C@@H](c3ccc(c(c3)Cl)Cl)[NH3+],Mpro-P0887_0A_RUB-POS-1325a9ea-4_prepped_receptor_0,MAT-POS-1f3f1a6f-1,0.85,-8.076897621154785,ALL,0.85,0.48876452371531465,Mpro-P0887_0A,MAT-POS-1f3f1a6f-1_Mpro-P0887_0A,RUB-POS-1325a9ea-4,1.4924981594085693
19,c1ccc2c(c1)cncc2NC(=O)[C@@H]3CN(C(=O)c4c3cc(cc4)Cl)CC(=O)NC5COC5,Mpro-P2224_0A_MAT-POS-e119ab4f-1_prepped_receptor_0,EDJ-MED-43f8f7d6-6,0.91,-9.84259033203125,ALL,0.91,0.7119193854140401,Mpro-P2224_0A,EDJ-MED-43f8f7d6-6_Mpro-P2224_0A,MAT-POS-e119ab4f-1,1.3673679828643799
20,CS(=O)(=O)Oc1ccc2cncc(c2c1)NC(=O)Cc3cccc(c3)Cl,Mpro-P2219_0A_MAT-POS-90fd5f68-22_prepped_receptor_0,PET-UNK-7fb4f80a-2,0.9,-6.770791053771973,ALL,0.9,1.3845160075978373,Mpro-P2219_0A,PET-UNK-7fb4f80a-2_Mpro-P2219_0A,MAT-POS-90fd5f68-22,1.2684950828552246
21,c1ccc2c(c1)cncc2NC(=O)[C@@H]3C[N@](Cc4c3cc(cc4)Cl)S(=O)(=O)CC5(CCC5)C#N,Mpro-P1788_0A_MAT-POS-dc2604c4-1_prepped_receptor_0,MAT-POS-4223bc15-12,0.91,-9.94326400756836,ALL,0.91,0.7500895084252723,Mpro-P1788_0A,MAT-POS-4223bc15-12_Mpro-P1788_0A,MAT-POS-dc2604c4-1,1.6104717254638672
22,c1ccc2c(c1)cncc2NC(=O)[C@H](c3ccc(c(c3)Cl)Cl)O,Mpro-P0887_0A_RUB-POS-1325a9ea-4_prepped_receptor_0,MAT-POS-fce787c2-4,0.79,-8.212553977966309,ALL,0.79,0.5850056450134337,Mpro-P0887_0A,MAT-POS-fce787c2-4_Mpro-P0887_0A,RUB-POS-1325a9ea-4,1.3839473724365234
23,CC(=O)N1CC[C@H](c2c1ccc(c2)Cl)C(=O)Nc3cncc4c3cccc4,Mpro-P0160_0A_EDG-MED-5d232de5-1_prepped_receptor_0,EDG-MED-5d232de5-3,0.9,-6.4239583015441895,ALL,0.9,0.7536539070487865,Mpro-P0160_0A,EDG-MED-5d232de5-3_Mpro-P0160_0A,EDG-MED-5d232de5-1,1.3506724834442139
24,C[C@@H](c1ccc(c(c1)Cl)Cl)C(=O)Nc2cncc3c2cccc3,Mpro-P0069_0A_RAL-THA-2d450e86-7_prepped_receptor_0,MAT-POS-fce787c2-3,0.91,-7.551293849945068,ALL,0.91,1.4790046108397505,Mpro-P0069_0A,MAT-POS-fce787c2-3_Mpro-P0069_0A,RAL-THA-2d450e86-7,1.4845008850097656
25,CNC(=O)C[N@H+]1Cc2ccc(cc2[C@@H](C1)C(=O)Nc3cncc4c3cccc4)Cl,Mpro-P2178_0A_MAT-POS-e119ab4f-3_prepped_receptor_0,MAT-POS-4223bc15-23,0.91,-9.760490417480469,ALL,0.91,0.8823422894866717,Mpro-P2178_0A,MAT-POS-4223bc15-23_Mpro-P2178_0A,MAT-POS-e119ab4f-3,1.0605608224868774
26,c1ccc2c(c1)cncc2CC(=O)N(CCC3CCCCC3)Cc4cccs4,Mpro-P0057_0A_MAT-POS-6c284e65-1_prepped_receptor_0,ALP-POS-64a710fa-1,0.8300000000000001,-11.221582412719728,ALL,0.8300000000000001,1.192076668558774,Mpro-P0057_0A,ALP-POS-64a710fa-1_Mpro-P0057_0A,MAT-POS-6c284e65-1,1.3334691524505615
27,c1ccc2c(c1)cncc2NC(=O)[C@@]3(CCOc4c3cc(cc4)Cl)O,Mpro-P0157_0A_PET-UNK-29afea89-2_prepped_receptor_0,EDG-MED-971238d3-1,0.95,-10.070159912109377,ALL,0.9500000000000001,0.4592004036927697,Mpro-P0157_0A,EDG-MED-971238d3-1_Mpro-P0157_0A,PET-UNK-29afea89-2,1.6364794969558716
28,c1ccc2c(c1)cncc2NC(=O)[C@@H]3CNS(=O)(=O)c4c3cc(cc4)Cl,Mpro-P2601_0A_MIK-UNK-78dbf1b8-1_prepped_receptor_0,ALP-POS-a577c8a2-1,0.99,-9.128148078918455,ALL,0.99,0.30026371017530523,Mpro-P2601_0A,ALP-POS-a577c8a2-1_Mpro-P2601_0A,MIK-UNK-78dbf1b8-1,1.8179068565368652
29,c1ccc2c(c1)cncc2C(=O)N3CCN(C(=O)C3)c4cccc(c4)Cl,Mpro-P0185_0A_MAT-POS-fce787c2-6_prepped_receptor_0,ERI-UCB-d6de1f3c-2,0.5,-4.561729907989502,ALL,0.5,0.8279467644151167,Mpro-P0185_0A,ERI-UCB-d6de1f3c-2_Mpro-P0185_0A,MAT-POS-fce787c2-6,1.2630454301834106
30,c1cc(cc(c1)Cl)CC(=O)Nc2cnccc2C(F)(F)F,Mpro-P0887_0A_RUB-POS-1325a9ea-4_prepped_receptor_0,SAM-UNK-2684b532-12,0.91,-7.878395080566406,ALL,0.91,0.8856744763665042,Mpro-P0887_0A,SAM-UNK-2684b532-12_Mpro-P0887_0A,RUB-POS-1325a9ea-4,1.450743556022644
31,CNC(=O)CN1C[C@H](c2cc(ccc2C1=O)Cl)C(=O)Nc3cncc4c3cccc4,Mpro-P2224_0A_MAT-POS-e119ab4f-1_prepped_receptor_0,MAT-POS-a54ce14d-2,0.99,-9.37259292602539,ALL,0.99,0.1980503235601745,Mpro-P2224_0A,MAT-POS-a54ce14d-2_Mpro-P2224_0A,MAT-POS-e119ab4f-1,1.8688148260116577
32,CNS(=O)(=O)c1ccc2c(c1)cncc2NC(=O)[C@@]3(CCOc4c3cc(cc4)Cl)OC,Mpro-P0160_0A_EDG-MED-5d232de5-1_prepped_receptor_0,EDJ-MED-6bf93aa8-1,0.72,-8.363506317138672,ALL,0.72,1.1013764814265037,Mpro-P0160_0A,EDJ-MED-6bf93aa8-1_Mpro-P0160_0A,EDG-MED-5d232de5-1,1.476871132850647
33,CC(C)[N@H+]1CCO[C@H](C1)C(=O)N[C@](C)(c2ccc(c(c2)Cl)Cl)C(=O)Nc3cncc4c3cccc4,Mpro-P0747_0A_MAT-POS-e9e99895-13_prepped_receptor_0,MAT-POS-e9e99895-2,0.85,-6.112377166748047,ALL,0.85,1.9393303846913623,Mpro-P0747_0A,MAT-POS-e9e99895-2_Mpro-P0747_0A,MAT-POS-e9e99895-13,1.0609204769134521
34,CCC(=O)N(c1cncc2c1cccc2)C(=O)[C@@H]3CCOc4c3cc(cc4)Cl,Mpro-P0213_0A_MAT-POS-e69ad64a-2_prepped_receptor_0,MAT-POS-090737b9-1,0.97,-6.387398719787598,ALL,0.97,0.7650706797910758,Mpro-P0213_0A,MAT-POS-090737b9-1_Mpro-P0213_0A,MAT-POS-e69ad64a-2,1.3180065155029297
35,C[NH+](C)CCOc1ccc2cncc(c2c1)N3CC[C@@]4(C3=O)C[N@](Cc5c4cc(cc5)Cl)S(=O)(=O)CC6(CC6)C#N,Mpro-P1507_0A_MAT-POS-8293a91a-8_prepped_receptor_0,MAT-POS-853c0ffa-9,0.5,-6.192957878112793,ALL,0.5,2.8902497516291703,Mpro-P1507_0A,MAT-POS-853c0ffa-9_Mpro-P1507_0A,MAT-POS-8293a91a-8,0.9792364835739136
36,C[C@]1(CNS(=O)(=O)c2c1cc(cc2)Cl)C(=O)Nc3cncc4c3CCCC4,Mpro-P2415_0A_ALP-POS-4483ae88-4_prepped_receptor_0,MIK-ENA-5d9157e9-5,0.99,-8.665743827819824,ALL,0.99,0.744696707895289,Mpro-P2415_0A,MIK-ENA-5d9157e9-5_Mpro-P2415_0A,ALP-POS-4483ae88-4,1.8745195865631104
37,CNC(=O)CN1C[C@H](c2cc(ccc2C1=O)Cl)C(=O)Nc3cncc4c3cc(cc4)NS(=O)(=O)C,Mpro-P1835_0A_EDJ-MED-015fb6b4-2_prepped_receptor_0,MAT-POS-2e8b2191-11,0.91,-8.192581176757812,ALL,0.91,0.8461070260507112,Mpro-P1835_0A,MAT-POS-2e8b2191-11_Mpro-P1835_0A,EDJ-MED-015fb6b4-2,1.4831347465515137
38,C[N@@](CCOC)S(=O)(=O)[N@]1Cc2ccc(cc2[C@@H](C1)C(=O)Nc3cncc4c3cccc4)Cl,Mpro-P1982_0A_MAT-POS-af1eef35-2_prepped_receptor_0,MAT-POS-5cd9ea36-22,0.91,-8.149799346923828,ALL,0.91,1.348126652390864,Mpro-P1982_0A,MAT-POS-5cd9ea36-22_Mpro-P1982_0A,MAT-POS-af1eef35-2,1.465644121170044
39,CNC(=O)CN1C[C@H](c2cc(ccc2C1=O)Cl)C(=O)Nc3cncc4c3cccc4,Mpro-P2224_0A_MAT-POS-e119ab4f-1_prepped_receptor_0,EDJ-MED-015fb6b4-2,0.99,-9.37259292602539,ALL,0.99,0.28580322656716795,Mpro-P2224_0A,EDJ-MED-015fb6b4-2_Mpro-P2224_0A,MAT-POS-e119ab4f-1,1.7714729309082031
40,c1ccc2c(c1)cncc2NC(=O)[C@@H]3C[N@H+](Cc4c3cc(cc4)Cl)CC(=O)NC5CC5,Mpro-P1202_0A_MAT-POS-4223bc15-28_prepped_receptor_0,MAT-POS-5cd9ea36-13,0.91,-7.149446964263916,ALL,0.91,1.3674778213351035,Mpro-P1202_0A,MAT-POS-5cd9ea36-13_Mpro-P1202_0A,MAT-POS-4223bc15-28,1.4079995155334473
41,CS(=O)(=O)NCc1ccc(cc1CC(=O)Nc2cncc3c2cccc3)Cl,Mpro-P1010_0A_MAT-POS-4223bc15-18_prepped_receptor_0,ALP-POS-6479a3a9-2,0.81,-9.374810218811035,ALL,0.81,2.1281111280610325,Mpro-P1010_0A,ALP-POS-6479a3a9-2_Mpro-P1010_0A,MAT-POS-4223bc15-18,1.149598479270935
42,C[C@@H](C(=O)NC)[N@H+]1Cc2ccc(cc2[C@@H](C1)C(=O)Nc3cncc4c3cccc4)Cl,Mpro-P1202_0A_MAT-POS-4223bc15-28_prepped_receptor_0,MAT-POS-5cd9ea36-14,0.91,-7.950347423553467,ALL,0.91,0.956674842672868,Mpro-P1202_0A,MAT-POS-5cd9ea36-14_Mpro-P1202_0A,MAT-POS-4223bc15-28,1.5523490905761719
43,c1cc2c(cc1Cl)[C@@H](CCO2)C(=O)Nc3cncc4c3ccnc4,Mpro-P0160_0A_EDG-MED-5d232de5-1_prepped_receptor_0,ALP-POS-ce760d3f-2,0.91,-8.868026733398438,ALL,0.91,0.28053288415373806,Mpro-P0160_0A,ALP-POS-ce760d3f-2_Mpro-P0160_0A,EDG-MED-5d232de5-1,1.822014331817627
44,CC(C)(C)c1ccc(cc1)N([C@H](c2cccnc2)C(=O)NCCc3cccc(c3)F)C(=O)c4ccco4,Mpro-P2295_0A_EDJ-MED-968bafd9-1_prepped_receptor_0,MAT-POS-f2460aef-1,0.2399999946355819,-5.315350532531738,ALL,0.23999999463558197,6.739921980744507,Mpro-P2295_0A,MAT-POS-f2460aef-1_Mpro-P2295_0A,EDJ-MED-968bafd9-1,0.33048516511917114
45,Cc1ccc2cncc(c2c1)NC(=O)Cc3cccc(c3)Cl,Mpro-P0066_0A_RAL-THA-2d450e86-1_prepped_receptor_0,RUB-POS-1325a9ea-4,0.89,-8.156920433044434,ALL,0.89,1.4438522063839458,Mpro-P0066_0A,RUB-POS-1325a9ea-4_Mpro-P0066_0A,RAL-THA-2d450e86-1,1.7419557571411133
46,C[C@]1(CNc2c1cc(cc2)Cl)C(=O)Nc3cncc4c3cccc4,Mpro-P0872_0A_ALP-UNI-8d415491-6_prepped_receptor_0,EDJ-MED-2f867453-1,0.94,-8.725167274475098,ALL,0.9400000000000001,0.7401990140054554,Mpro-P0872_0A,EDJ-MED-2f867453-1_Mpro-P0872_0A,ALP-UNI-8d415491-6,1.3219194412231445
47,c1ccc2c(c1)cncc2NC(=O)[C@@H]3CCOc4c3cc(c(c4)F)Cl,Mpro-P0160_0A_EDG-MED-5d232de5-1_prepped_receptor_0,RAL-THA-05e671eb-10,0.99,-8.691211700439453,ALL,0.99,0.7080777032225626,Mpro-P0160_0A,RAL-THA-05e671eb-10_Mpro-P0160_0A,EDG-MED-5d232de5-1,1.2932415008544922
48,CO[C@]1(CCOc2c1cc(cc2)Cl)C(=O)Nc3cncc4c3cc(cc4)F,Mpro-P0160_0A_EDG-MED-5d232de5-1_prepped_receptor_0,EDJ-MED-611d11e7-4,0.94,-9.018674850463867,ALL,0.9400000000000001,0.5683333835465328,Mpro-P0160_0A,EDJ-MED-611d11e7-4_Mpro-P0160_0A,EDG-MED-5d232de5-1,1.5462467670440674
49,c1ccc2c(c1)cncc2NC(=O)Cc3ccc(cn3)Cl,Mpro-P0025_0A_MAT-POS-afd4d4fd-2_prepped_receptor_0,RAL-THA-2d450e86-33,0.89,-7.330532550811768,ALL,0.89,0.5135208313861456,Mpro-P0025_0A,RAL-THA-2d450e86-33_Mpro-P0025_0A,MAT-POS-afd4d4fd-2,1.6453088521957397
50,c1ccc2c(c1)cncc2NC(=O)[C@@H]3C[N@H+](Cc4c3cc(cc4)Cl)CC(=O)NCC#N,Mpro-P2178_0A_MAT-POS-e119ab4f-3_prepped_receptor_0,MAT-POS-5cd9ea36-15,0.95,-9.830660820007324,ALL,0.9500000000000001,0.7384872747725818,Mpro-P2178_0A,MAT-POS-5cd9ea36-15_Mpro-P2178_0A,MAT-POS-e119ab4f-3,1.2219363451004028
51,CC1(CS(=O)(=O)C1)CS(=O)(=O)N2Cc3ccc(cc3[C@@H](C2)C(=O)Nc4cncc5c4cccc5)Cl,Mpro-P1988_0A_EDJ-MED-4fff0a85-1_prepped_receptor_0,EDJ-MED-4fff0a85-3,0.95,-8.34184741973877,ALL,0.9500000000000001,0.5129875268981172,Mpro-P1988_0A,EDJ-MED-4fff0a85-3_Mpro-P1988_0A,EDJ-MED-4fff0a85-1,1.5488837957382202
52,C[C@@](c1ccc(c(c1)Cl)Cl)(C(=O)Nc2cncc3c2cccc3)NC(=O)[C@H]4CC[N@H+](C4)C,Mpro-P0160_0A_EDG-MED-5d232de5-1_prepped_receptor_0,MAT-POS-e9e99895-13,0.42,-3.371726751327514,ALL,0.42,2.551440797311414,Mpro-P0160_0A,MAT-POS-e9e99895-13_Mpro-P0160_0A,EDG-MED-5d232de5-1,0.7463890314102173
53,CC(C)(C)Oc1ccncc1NC(=O)Cc2cccc(c2)Cl,Mpro-P0925_0A_SAM-UNK-2684b532-12_prepped_receptor_0,JIN-POS-6dc588a4-6,0.9,-7.043406486511231,ALL,0.9,0.8202872759391753,Mpro-P0925_0A,JIN-POS-6dc588a4-6_Mpro-P0925_0A,SAM-UNK-2684b532-12,1.7668402194976807
54,CNC(=O)C[N@H+]1Cc2ccc(cc2[C@@H](C1)C(=O)Nc3cncc4c3cc(cc4)NS(=O)(=O)C)Cl,Mpro-P2178_0A_MAT-POS-e119ab4f-3_prepped_receptor_0,MAT-POS-2e8b2191-10,0.85,-8.77310848236084,ALL,0.85,0.9817299513523329,Mpro-P2178_0A,MAT-POS-2e8b2191-10_Mpro-P2178_0A,MAT-POS-e119ab4f-3,1.2547557353973389
55,CN(CCO)S(=O)(=O)[N@]1Cc2ccc(cc2[C@@H](C1)C(=O)Nc3cncc4c3cccc4)Cl,Mpro-P1982_0A_MAT-POS-af1eef35-2_prepped_receptor_0,MAT-POS-5cd9ea36-23,0.89,-8.920662879943848,ALL,0.89,1.3528388630213506,Mpro-P1982_0A,MAT-POS-5cd9ea36-23_Mpro-P1982_0A,MAT-POS-af1eef35-2,1.4921013116836548
56,CC(C)(c1ccc2cncc(c2c1)NC(=O)[C@@H]3CCNc4c3cc(cc4)Cl)O,Mpro-P0160_0A_EDG-MED-5d232de5-1_prepped_receptor_0,MAT-POS-86c60949-2,0.79,-5.272767543792725,ALL,0.79,1.23946468859537,Mpro-P0160_0A,MAT-POS-86c60949-2_Mpro-P0160_0A,EDG-MED-5d232de5-1,1.077935814857483
57,c1ccc2c(c1)cncc2N3CCC[C@@H](C3=O)c4ccc(c(c4)Cl)Cl,Mpro-P0017_0A_ALP-POS-ce760d3f-8_prepped_receptor_0,ALP-UNI-3735e77e-1,0.99,-7.429843902587891,ALL,0.99,0.41565392750294256,Mpro-P0017_0A,ALP-UNI-3735e77e-1_Mpro-P0017_0A,ALP-POS-ce760d3f-8,1.7989282608032227
58,C[C@H]1c2nncn2CCN1C(=O)C[C@]3(CCOc4c3cc(cc4)Cl)C(=O)Nc5cncc6c5cccc6,Mpro-P0805_0A_EDG-MED-ba1ac7b9-21_prepped_receptor_0,EDG-MED-ba1ac7b9-19,0.89,-9.792030334472656,ALL,0.89,0.5375803712805919,Mpro-P0805_0A,EDG-MED-ba1ac7b9-19_Mpro-P0805_0A,EDG-MED-ba1ac7b9-21,1.463531494140625
59,c1ccc2c(c1)c(cc(=O)[nH]2)C(=O)NCCOc3cc(cc(c3)Cl)O[C@H]4CC(=O)N4,Mpro-P0045_0A_TRY-UNI-2eddb1ff-7_prepped_receptor_0,ERI-UCB-ce40166b-17,0.72,-14.283809661865234,ALL,0.72,1.1116249372408193,Mpro-P0045_0A,ERI-UCB-ce40166b-17_Mpro-P0045_0A,TRY-UNI-2eddb1ff-7,1.3478500843048096
60,c1ccc2c(c1)cncc2NC(=O)Cc3cc(cc(c3)F)F,Mpro-P0887_0A_RUB-POS-1325a9ea-4_prepped_receptor_0,RAL-THA-2d450e86-16,0.95,-9.603983879089355,ALL,0.9500000000000001,0.5667001916546854,Mpro-P0887_0A,RAL-THA-2d450e86-16_Mpro-P0887_0A,RUB-POS-1325a9ea-4,1.4506397247314453
61,c1ccc2c(c1)cncc2NC(=O)[C@@]3(CCOc4c3cc(cc4)Cl)CC(=O)N5CCC[C@@H]5Cn6ccnc6,Mpro-P0904_0A_EDG-MED-ba1ac7b9-19_prepped_receptor_0,EDG-MED-ba1ac7b9-21,0.89,-13.544133186340332,ALL,0.89,0.5446035804205479,Mpro-P0904_0A,EDG-MED-ba1ac7b9-21_Mpro-P0904_0A,EDG-MED-ba1ac7b9-19,1.4995810985565186
62,CO[C@]1(CCOc2c1cc(cc2)Cl)C(=O)Nc3cncc4c3cc(cc4)NS(=O)(=O)C,Mpro-P0160_0A_EDG-MED-5d232de5-1_prepped_receptor_0,EDG-MED-10fcb19e-1,0.8300000000000001,-7.311886787414551,ALL,0.8300000000000001,1.2462679568808628,Mpro-P0160_0A,EDG-MED-10fcb19e-1_Mpro-P0160_0A,EDG-MED-5d232de5-1,1.2848052978515625
63,Cn1c2c(cncc2NC(=O)[C@@H]3C[N@](Cc4c3cc(cc4)Cl)S(=O)(=O)CC5(CC5)C#N)cn1,Mpro-P1007_0A_MAT-POS-4223bc15-3_prepped_receptor_0,MAT-POS-bfd29aac-1,0.94,-7.491661071777344,ALL,0.9400000000000001,3.361240655122467,Mpro-P1007_0A,MAT-POS-bfd29aac-1_Mpro-P1007_0A,MAT-POS-4223bc15-3,0.8276891708374023
64,CO[C@]1(CCOc2c1cc(cc2)Cl)C(=O)Nc3cncc4c3cccc4,Mpro-P1858_0A_ALP-POS-6f6ae286-3_prepped_receptor_0,PET-UNK-29afea89-2,0.99,-8.930084228515625,ALL,0.99,0.49712526323545725,Mpro-P1858_0A,PET-UNK-29afea89-2_Mpro-P1858_0A,ALP-POS-6f6ae286-3,1.7418798208236694
65,c1ccn2c(c1)ncc2NC(=O)Cc3cccc(c3)Cl,Mpro-P2001_0A_JAN-GHE-5a013bed-2_prepped_receptor_0,PET-UNK-8df914d1-2,0.97,-8.726740837097168,ALL,0.97,0.13231538814401636,Mpro-P2001_0A,PET-UNK-8df914d1-2_Mpro-P2001_0A,JAN-GHE-5a013bed-2,1.9596548080444336
66,CNC(=O)C[N@H+]1Cc2ccc(cc2[C@]3(C1)CCN(C3=O)c4cncc5c4cccc5)Cl,Mpro-P2607_0A_EDJ-MED-705e09b8-1_prepped_receptor_0,MAT-POS-c7726e07-5,0.99,-10.097152709960938,ALL,0.99,0.26461483606156855,Mpro-P2607_0A,MAT-POS-c7726e07-5_Mpro-P2607_0A,EDJ-MED-705e09b8-1,1.8476003408432007
67,c1ccc2c(c1)cncc2NC(=O)Cc3cccc(c3)F,Mpro-P0887_0A_RUB-POS-1325a9ea-4_prepped_receptor_0,RAL-THA-2d450e86-10,0.97,-9.324225425720217,ALL,0.97,0.527234020161612,Mpro-P0887_0A,RAL-THA-2d450e86-10_Mpro-P0887_0A,RUB-POS-1325a9ea-4,1.5570807456970215
68,c1ccc2c(c1)cncc2NC(=O)Cc3cc(cc(c3)Cl)C#N,Mpro-P0887_0A_RUB-POS-1325a9ea-4_prepped_receptor_0,RAL-THA-2d450e86-17,0.91,-7.650491237640381,ALL,0.91,0.6031733363529805,Mpro-P0887_0A,RAL-THA-2d450e86-17_Mpro-P0887_0A,RUB-POS-1325a9ea-4,1.3153480291366577
69,Cn1ccc(n1)C[NH2+]C[C@]2(CCOc3c2cc(cc3)Cl)C(=O)Nc4cncc5c4cccc5,Mpro-P1200_0A_MAT-POS-e6dd326d-6_prepped_receptor_0,EDJ-MED-8c98ee63-2,0.91,-9.512917518615724,ALL,0.91,0.860063884397623,Mpro-P1200_0A,EDJ-MED-8c98ee63-2_Mpro-P1200_0A,MAT-POS-e6dd326d-6,1.3553056716918945
70,c1ccc2c(c1)cncc2NC(=O)[C@@]3(CCOc4c3cc(cc4)Cl)CC(=O)N5CCCC[C@@H]5c6c[nH]nc6,Mpro-P0805_0A_EDG-MED-ba1ac7b9-21_prepped_receptor_0,EDG-MED-ba1ac7b9-11,0.95,-9.676102638244627,ALL,0.9500000000000001,1.9113610178914533,Mpro-P0805_0A,EDG-MED-ba1ac7b9-11_Mpro-P0805_0A,EDG-MED-ba1ac7b9-21,1.1433322429656982
71,c1ccc2c(c1)cncc2NC(=O)Cc3cc(ccc3F)F,Mpro-P0887_0A_RUB-POS-1325a9ea-4_prepped_receptor_0,RAL-THA-2d450e86-26,0.97,-9.56593894958496,ALL,0.97,0.4014358708948554,Mpro-P0887_0A,RAL-THA-2d450e86-26_Mpro-P0887_0A,RUB-POS-1325a9ea-4,1.715226411819458
72,COc1cc2c(cc1F)cncc2NC(=O)Cc3cccc(c3)Cl,Mpro-P0887_0A_RUB-POS-1325a9ea-4_prepped_receptor_0,PET-UNK-b38839dc-1,0.94,-8.947880744934082,ALL,0.9400000000000001,0.5215638947048137,Mpro-P0887_0A,PET-UNK-b38839dc-1_Mpro-P0887_0A,RUB-POS-1325a9ea-4,1.536210536956787
73,CN(C)c1ccc2c(c1)cncc2NC(=O)Cc3cccc(c3)Cl,Mpro-P0065_0A_RAL-THA-2d450e86-13_prepped_receptor_0,MAT-POS-90fd5f68-7,0.94,-8.280900001525879,ALL,0.9400000000000001,0.7909976407588587,Mpro-P0065_0A,MAT-POS-90fd5f68-7_Mpro-P0065_0A,RAL-THA-2d450e86-13,1.7628471851348877
74,CC[C@]1(CNS(=O)(=O)c2c1cc(cc2)Cl)C(=O)Nc3cncc4c3cccc4,Mpro-P2606_0A_MIK-ENA-5d9157e9-5_prepped_receptor_0,ALP-POS-1cbc2fae-2,0.95,-10.646002769470217,ALL,0.9500000000000001,0.7303535251821884,Mpro-P2606_0A,ALP-POS-1cbc2fae-2_Mpro-P2606_0A,MIK-ENA-5d9157e9-5,1.7892341613769531
75,c1cc2c(cc1Cl)[C@@H](CNS2(=O)=O)C(=O)Nc3cncc4c3CCCC4,Mpro-P2036_0A_ALP-POS-1cbc2fae-1_prepped_receptor_0,ALP-POS-4483ae88-4,0.97,-9.56998348236084,ALL,0.97,0.7767955252805591,Mpro-P2036_0A,ALP-POS-4483ae88-4_Mpro-P2036_0A,ALP-POS-1cbc2fae-1,1.7501335144042969
76,Cn1c2c(cncc2NC(=O)[C@@H]3CCOc4c3cc(cc4)Cl)[nH]c1=O,Mpro-P0160_0A_EDG-MED-5d232de5-1_prepped_receptor_0,EDG-MED-0e5afe9d-1,0.91,-8.218902587890625,ALL,0.91,0.4673609139289425,Mpro-P0160_0A,EDG-MED-0e5afe9d-1_Mpro-P0160_0A,EDG-MED-5d232de5-1,1.621678113937378
77,CNC(=O)C[N@H+]1Cc2ccc(cc2[C@@H](C1)C(=O)Nc3cncc4c3ccc(c4)S(=O)(=O)C)Cl,Mpro-P2178_0A_MAT-POS-e119ab4f-3_prepped_receptor_0,EDJ-MED-7889e8da-5,0.91,-7.797048091888428,ALL,0.91,1.1171156690366473,Mpro-P2178_0A,EDJ-MED-7889e8da-5_Mpro-P2178_0A,MAT-POS-e119ab4f-3,1.190984845161438
78,c1ccc2c(c1)cncc2NC(=O)[C@@H]3C[N@](Cc4c3cc(cc4)Cl)S(=O)(=O)c5[nH]ccn5,Mpro-P1624_0A_EDJ-MED-1981ceba-2_prepped_receptor_0,MAT-POS-4223bc15-30,0.91,-8.685395240783691,ALL,0.91,2.724519933630059,Mpro-P1624_0A,MAT-POS-4223bc15-30_Mpro-P1624_0A,EDJ-MED-1981ceba-2,0.8955823183059692
79,C[C@@H]1[C@H](c2cc(ccc2C(=O)N1CC(=O)NC)Cl)C(=O)Nc3cncc4c3ccc(c4)S(=O)(=O)C,Mpro-P2224_0A_MAT-POS-e119ab4f-1_prepped_receptor_0,EDG-MED-ee636701-1,0.93,-8.233011245727539,ALL,0.93,0.7940168941013306,Mpro-P2224_0A,EDG-MED-ee636701-1_Mpro-P2224_0A,MAT-POS-e119ab4f-1,1.51839017868042
80,CO[C@]1(CCOc2c1cc(c(c2)Cl)Cl)C(=O)Nc3cncc4c3cccc4,Mpro-P0157_0A_PET-UNK-29afea89-2_prepped_receptor_0,EDJ-MED-d08626de-3,0.85,-9.505417823791504,ALL,0.85,0.4915675622708495,Mpro-P0157_0A,EDJ-MED-d08626de-3_Mpro-P0157_0A,PET-UNK-29afea89-2,1.5798161029815674
81,CO[C@]1(CCOc2c1cc(cc2F)F)C(=O)Nc3cncc4c3cccc4,Mpro-P0157_0A_PET-UNK-29afea89-2_prepped_receptor_0,MAT-POS-932d1078-3,0.89,-10.176823616027832,ALL,0.89,0.4434950761062038,Mpro-P0157_0A,MAT-POS-932d1078-3_Mpro-P0157_0A,PET-UNK-29afea89-2,1.670290231704712
82,CN1C(=O)N(C(=O)[C@@]12CCOc3c2cc(cc3)Cl)c4cncc5c4cccc5,Mpro-P2197_0A_ALP-POS-477dc5b7-4_prepped_receptor_0,BEN-BAS-c2bc0d80-7,0.94,-10.682732582092283,ALL,0.9400000000000001,0.45703759246284126,Mpro-P2197_0A,BEN-BAS-c2bc0d80-7_Mpro-P2197_0A,ALP-POS-477dc5b7-4,1.5539367198944092
83,c1cncc2c1c(cnc2)NC(=O)[C@@H]3CCNc4c3cc(c(c4)Cl)Cl,Mpro-P0160_0A_EDG-MED-5d232de5-1_prepped_receptor_0,ALP-UNI-8d415491-3,0.79,-6.772899627685547,ALL,0.79,0.666751638542883,Mpro-P0160_0A,ALP-UNI-8d415491-3_Mpro-P0160_0A,EDG-MED-5d232de5-1,1.402281403541565
84,CNC(=O)C[N@H+]1Cc2ccc(cc2[C@@H](C1)C(=O)Nc3cncc4c3ccc(c4)Cl)Cl,Mpro-P2178_0A_MAT-POS-e119ab4f-3_prepped_receptor_0,EDJ-MED-7889e8da-3,0.91,-9.50896453857422,ALL,0.91,0.8335551364577675,Mpro-P2178_0A,EDJ-MED-7889e8da-3_Mpro-P2178_0A,MAT-POS-e119ab4f-3,1.1116697788238525
85,C[N@]1CC[C@H](c2c1ccc(c2)Cl)C(=O)Nc3cncc4c3cccc4,Mpro-P0160_0A_EDG-MED-5d232de5-1_prepped_receptor_0,MIC-UNK-91acba05-6,0.93,-8.555158615112305,ALL,0.93,0.5375452838287692,Mpro-P0160_0A,MIC-UNK-91acba05-6_Mpro-P0160_0A,EDG-MED-5d232de5-1,1.5654842853546143
86,c1ccc2c(c1)cncc2N3C(=O)C[C@@]4(C3=O)CCOc5c4cc(cc5)Cl,Mpro-P2197_0A_ALP-POS-477dc5b7-4_prepped_receptor_0,BEN-BAS-c2bc0d80-6,0.95,-10.573558807373049,ALL,0.9500000000000001,0.4830592763753629,Mpro-P2197_0A,BEN-BAS-c2bc0d80-6_Mpro-P2197_0A,ALP-POS-477dc5b7-4,1.5776088237762451
87,c1ccc2c(c1)cncc2NC(=O)[C@@H]3CCSc4c3cc(cc4)Cl,Mpro-P0160_0A_EDG-MED-5d232de5-1_prepped_receptor_0,MAT-POS-78e1d523-1,0.9,-8.59776782989502,ALL,0.9,0.5048307257204475,Mpro-P0160_0A,MAT-POS-78e1d523-1_Mpro-P0160_0A,EDG-MED-5d232de5-1,1.5603752136230469
88,CC[C@H]1CN(C(=O)[C@@]12C[N@](Cc3c2cc(cc3)Cl)S(=O)(=O)CC4(CC4)C#N)c5cncc6c5cccc6,Mpro-P3050_0A_MAT-POS-50a80394-1_prepped_receptor_0,MAT-POS-50a80394-2,0.91,-10.17013931274414,ALL,0.91,0.7198699383841801,Mpro-P3050_0A,MAT-POS-50a80394-2_Mpro-P3050_0A,MAT-POS-50a80394-1,1.7257168292999268
89,CC(=O)Nc1ccc2cncc(c2c1)NC(=O)Cc3cccc(c3)Cl,Mpro-P2214_0B_PET-UNK-7fb4f80a-2_prepped_receptor_0,MAT-POS-90fd5f68-22,0.93,-8.835424423217773,ALL,0.93,1.0719637815656002,Mpro-P2214_0B,MAT-POS-90fd5f68-22_Mpro-P2214_0B,PET-UNK-7fb4f80a-2,1.464250087738037
90,c1ccc2c(c1)cncc2N3CC[C@@]4(C3=O)C[N@@](Cc5c4cc(cc5)Cl)S(=O)(=O)CC6(CC6)C#N,Mpro-P2197_0A_ALP-POS-477dc5b7-4_prepped_receptor_0,EDJ-MED-8bb691af-6,0.79,-8.487604141235352,ALL,0.79,3.1027383195666203,Mpro-P2197_0A,EDJ-MED-8bb691af-6_Mpro-P2197_0A,ALP-POS-477dc5b7-4,1.0575275421142578
91,CNC(=O)C[N@H+]1Cc2ccc(cc2[C@]3(C1)CCN(C3=O)c4cncc5c4CCCC5)Cl,Mpro-P2730_0A_ALP-POS-ecbed2ba-12_prepped_receptor_0,EDJ-MED-705e09b8-1,0.91,-9.454246520996094,ALL,0.91,0.32119441726856385,Mpro-P2730_0A,EDJ-MED-705e09b8-1_Mpro-P2730_0A,ALP-POS-ecbed2ba-12,1.820054054260254
92,c1cc(cc(c1)Cl)CC(=O)Nc2cncc3c2ccc(c3)OCC[NH+]4CCCC4,Mpro-P2210_0A_MAT-POS-90fd5f68-13_prepped_receptor_0,MAT-POS-90fd5f68-14,0.91,-8.063132286071777,ALL,0.91,0.9623803470923198,Mpro-P2210_0A,MAT-POS-90fd5f68-14_Mpro-P2210_0A,MAT-POS-90fd5f68-13,1.479207992553711
93,CCc1cc(cc(c1)Cl)CC(=O)Nc2cncc3c2cccc3,Mpro-P0065_0A_RAL-THA-2d450e86-13_prepped_receptor_0,PET-UNK-bb7ffe78-1,0.91,-8.357391357421875,ALL,0.91,2.3332383472140203,Mpro-P0065_0A,PET-UNK-bb7ffe78-1_Mpro-P0065_0A,RAL-THA-2d450e86-13,1.3908495903015137
94,CNC(=O)CN1C[C@]2(CCN(C2=O)c3cncc4c3cccc4)c5cc(ccc5C1=O)Cl,Mpro-P2660_0A_EDG-MED-b1ef7fe3-1_prepped_receptor_0,EDJ-MED-8bb691af-8,0.99,-10.857921600341797,ALL,0.99,0.2050480856695459,Mpro-P2660_0A,EDJ-MED-8bb691af-8_Mpro-P2660_0A,EDG-MED-b1ef7fe3-1,1.8879547119140625
95,C[NH+](C)CCOc1ccc2c(c1)cncc2NC(=O)Cc3cccc(c3)Cl,Mpro-P2205_0A_MAT-POS-90fd5f68-14_prepped_receptor_0,MAT-POS-90fd5f68-13,0.94,-7.937605857849121,ALL,0.9400000000000001,0.5483455474226596,Mpro-P2205_0A,MAT-POS-90fd5f68-13_Mpro-P2205_0A,MAT-POS-90fd5f68-14,1.498628854751587
96,CC(=O)N1C[C@H]2C[C@@H]1CN2C(=O)C[C@]3(CCOc4c3cc(cc4)Cl)C(=O)Nc5cncc6c5cccc6,Mpro-P0904_0A_EDG-MED-ba1ac7b9-19_prepped_receptor_0,KAD-UNI-80f122c8-2,0.89,-13.110633850097656,ALL,0.89,0.7165718548664654,Mpro-P0904_0A,KAD-UNI-80f122c8-2_Mpro-P0904_0A,EDG-MED-ba1ac7b9-19,1.7247393131256104
97,COC1(CC1)CS(=O)(=O)N2C[C@H](c3cc(ccc3C2=O)Cl)C(=O)Nc4cncc5c4cccc5,Mpro-P1788_0A_MAT-POS-dc2604c4-1_prepped_receptor_0,EDJ-MED-968bafd9-1,0.95,-9.327465057373049,ALL,0.9500000000000001,0.6798866277243831,Mpro-P1788_0A,EDJ-MED-968bafd9-1_Mpro-P1788_0A,MAT-POS-dc2604c4-1,1.784399390220642
98,c1ccc2c(c1)cncc2NC(=O)Cc3cc(cc(c3)Cl)N4CCN(CC4)C(=O)c5ccco5,Mpro-P0394_0A_LON-WEI-9739a092-9 _prepped_receptor_0,LON-WEI-9739a092-6,0.9,-12.391016006469728,ALL,0.9,1.1797683556899832,Mpro-P0394_0A,LON-WEI-9739a092-6_Mpro-P0394_0A,LON-WEI-9739a092-9 ,1.3826165199279785
99,c1ccc2c(c1)cncc2NC(=O)[C@@H]3CN(Cc4c3cc(cc4)Cl)S(=O)(=O)CC5(CC5)C#N,Mpro-P1986_0A_EDJ-MED-76744c27-4_prepped_receptor_0,MAT-POS-dc2604c4-1,0.95,-8.626910209655762,ALL,0.9500000000000001,0.76357564285545,Mpro-P1986_0A,MAT-POS-dc2604c4-1_Mpro-P1986_0A,EDJ-MED-76744c27-4,1.6525824069976807
100,c1ccc2c(c1)cncc2NC(=O)[C@@H]3CCN(c4c3cc(cc4)Cl)C(=O)N,Mpro-P0160_0A_EDG-MED-5d232de5-1_prepped_receptor_0,RAL-THA-4aa06b95-1,0.9,-6.359553337097168,ALL,0.9,0.7574306909900782,Mpro-P0160_0A,RAL-THA-4aa06b95-1_Mpro-P0160_0A,EDG-MED-5d232de5-1,1.4020090103149414
101,c1ccc2c(c1)cncc2N3CC[C@@H](C3=O)c4cccc(c4)Cl,Mpro-P0065_0A_RAL-THA-2d450e86-13_prepped_receptor_0,EDG-MED-5d232de5-8,0.8300000000000001,-8.90914249420166,ALL,0.8300000000000001,0.5728110020450495,Mpro-P0065_0A,EDG-MED-5d232de5-8_Mpro-P0065_0A,RAL-THA-2d450e86-13,1.6070371866226196
102,c1ccc2c(c1)cncc2NC(=O)[C@@]3(CCOc4c3cc(cc4)Cl)[NH3+],Mpro-P0160_0A_EDG-MED-5d232de5-1_prepped_receptor_0,EDG-MED-971238d3-4,0.95,-8.6733980178833,ALL,0.9500000000000001,0.38000235064605314,Mpro-P0160_0A,EDG-MED-971238d3-4_Mpro-P0160_0A,EDG-MED-5d232de5-1,1.6294212341308594
103,CC(C)Oc1ccc(cc1)N([C@H](c2cccnc2)C(=O)NCCc3cccc(c3)F)C(=O)c4c[nH+]c[nH]4,Mpro-P0009_0A_MAT-POS-f2460aef-1_prepped_receptor_0,BRU-THA-92256091-17,0.91,-11.669950485229492,ALL,0.91,1.2251600546263923,Mpro-P0009_0A,BRU-THA-92256091-17_Mpro-P0009_0A,MAT-POS-f2460aef-1,1.508609652519226
104,c1ccc2c(c1)cncc2NC(=O)[C@@H]3CN(C(=O)c4c3cc(cc4)Cl)CC(=O)NC5CC5,Mpro-P2224_0A_MAT-POS-e119ab4f-1_prepped_receptor_0,EDJ-MED-43f8f7d6-4,0.97,-8.926198959350586,ALL,0.97,0.6016756331270194,Mpro-P2224_0A,EDJ-MED-43f8f7d6-4_Mpro-P2224_0A,MAT-POS-e119ab4f-1,1.578928828239441
105,C[C@]1(C[N@@](S(=O)(=O)c2c1cc(cc2)Cl)CC(=O)NC)C(=O)Nc3cncc4c3cccc4,Mpro-P2036_0A_ALP-POS-1cbc2fae-1_prepped_receptor_0,MAT-POS-e119ab4f-5,0.91,-9.80723476409912,ALL,0.91,1.5178745204971884,Mpro-P2036_0A,MAT-POS-e119ab4f-5_Mpro-P2036_0A,ALP-POS-1cbc2fae-1,1.277367115020752
106,C[N@]1CC[C@H](c2c1ccc(c2)Cl)C(=O)Nc3cncc4c3cccc4,Mpro-P0160_0A_EDG-MED-5d232de5-1_prepped_receptor_0,EDG-MED-5d232de5-6,0.93,-8.555158615112305,ALL,0.93,0.6215313615591508,Mpro-P0160_0A,EDG-MED-5d232de5-6_Mpro-P0160_0A,EDG-MED-5d232de5-1,1.347082495689392
107,CC(=O)Nc1ccc(cn1)N(Cc2cccc(c2)Cl)C(=O)Cc3cncc4c3cccc4,Mpro-P0057_0A_MAT-POS-6c284e65-1_prepped_receptor_0,ALP-POS-c3a96089-4,0.89,-13.535677909851074,ALL,0.89,2.1520874087931223,Mpro-P0057_0A,ALP-POS-c3a96089-4_Mpro-P0057_0A,MAT-POS-6c284e65-1,0.7465812563896179
108,c1ccc2c(c1)cncc2NC(=O)[C@@]3(CCOc4c3cc(cc4)Cl)CC(=O)N5CC[NH+](CC5)CCCO,Mpro-P0904_0A_EDG-MED-ba1ac7b9-19_prepped_receptor_0,ALP-UNI-8e43a71e-8,0.79,-12.063106536865234,ALL,0.79,1.3254913293793058,Mpro-P0904_0A,ALP-UNI-8e43a71e-8_Mpro-P0904_0A,EDG-MED-ba1ac7b9-19,1.1620970964431763
109,c1ccc2c(c1)cncc2NC(=O)C(c3ccc(c(c3)Cl)Cl)(F)F,Mpro-P0069_0A_RAL-THA-2d450e86-7_prepped_receptor_0,MAT-POS-fce787c2-6,0.91,-8.105379104614258,ALL,0.91,0.8427624959224476,Mpro-P0069_0A,MAT-POS-fce787c2-6_Mpro-P0069_0A,RAL-THA-2d450e86-7,1.4044804573059082
110,c1cc2cncc(c2cc1F)NC(=O)[C@@H]3CCOc4c3cc(cc4)Cl,Mpro-P0831_0A_MAT-POS-96f51285-5_prepped_receptor_0,EDG-MED-5d232de5-1,0.99,-9.309356689453123,ALL,0.99,0.6218654949183724,Mpro-P0831_0A,EDG-MED-5d232de5-1_Mpro-P0831_0A,MAT-POS-96f51285-5,1.3857595920562744
111,CNC(=O)CN1C[C@H](c2cc(ccc2C1=O)Cl)C(=O)Nc3cncc4c3cc(cc4)F,Mpro-P2224_0A_MAT-POS-e119ab4f-1_prepped_receptor_0,MAT-POS-e119ab4f-2,0.99,-9.16242218017578,ALL,0.99,0.23679123937666305,Mpro-P2224_0A,MAT-POS-e119ab4f-2_Mpro-P2224_0A,MAT-POS-e119ab4f-1,1.855422019958496
112,COCC[N@H+]1Cc2ccc(cc2[C@@H](C1)C(=O)Nc3cncc4c3cccc4)Cl,Mpro-P2178_0A_MAT-POS-e119ab4f-3_prepped_receptor_0,MAT-POS-4223bc15-28,0.89,-9.558265686035156,ALL,0.89,1.1109818436131633,Mpro-P2178_0A,MAT-POS-4223bc15-28_Mpro-P2178_0A,MAT-POS-e119ab4f-3,1.2478327751159668
113,c1ccc2c(c1)cncc2NC(=O)[C@@H](c3cccc(c3)Cl)NC(=O)[C@@H]4CC[C@@H](O4)C(=O)N5CCCC5,Mpro-P0747_0A_MAT-POS-e9e99895-13_prepped_receptor_0,MAT-POS-7174c657-6,0.72,-5.068477630615234,ALL,0.72,4.215289881064345,Mpro-P0747_0A,MAT-POS-7174c657-6_Mpro-P0747_0A,MAT-POS-e9e99895-13,0.9066504240036011
114,CN(C)C(=O)C[C@]1(CCOc2c1cc(cc2)Cl)C(=O)Nc3cncc4c3cccc4,Mpro-P0160_0A_EDG-MED-5d232de5-1_prepped_receptor_0,MAT-POS-5d65ec79-1,0.85,-7.108717918395996,ALL,0.85,0.9126843583337055,Mpro-P0160_0A,MAT-POS-5d65ec79-1_Mpro-P0160_0A,EDG-MED-5d232de5-1,1.4808135032653809
115,c1ccc2c(c1)cncc2NC(=O)Cc3cccc(c3)Cl,Mpro-P0887_0A_RUB-POS-1325a9ea-4_prepped_receptor_0,ADA-UCB-6c2cb422-1,0.99,-9.279000282287598,ALL,0.99,0.3517114231114876,Mpro-P0887_0A,ADA-UCB-6c2cb422-1_Mpro-P0887_0A,RUB-POS-1325a9ea-4,1.661020040512085
116,C[NH+](C)CC(=O)NC[C@]1(CCOc2c1cc(cc2)Cl)C(=O)Nc3cncc4c3cccc4,Mpro-P1200_0A_MAT-POS-e6dd326d-6_prepped_receptor_0,EDG-MED-70ae9412-2,0.94,-8.503976821899414,ALL,0.9400000000000001,0.8531740452658172,Mpro-P1200_0A,EDG-MED-70ae9412-2_Mpro-P1200_0A,MAT-POS-e6dd326d-6,1.4519132375717163
117,c1ccc2c(c1)cncc2N3C(=O)[C@@]4(CCOc5c4cc(cc5)Cl)NC3=O,Mpro-P0765_0A_BEN-BAS-c2bc0d80-7_prepped_receptor_0,VLA-UCB-34f3ed0c-11,0.95,-7.595773696899414,ALL,0.9500000000000001,0.3114164929811403,Mpro-P0765_0A,VLA-UCB-34f3ed0c-11_Mpro-P0765_0A,BEN-BAS-c2bc0d80-7,1.8856263160705566
118,COc1ccc2cncc(c2c1)NC(=O)[C@@H]3CCOc4c3cc(cc4)Cl,Mpro-P0160_0A_EDG-MED-5d232de5-1_prepped_receptor_0,MAT-POS-f9802937-7,0.95,-8.52917194366455,ALL,0.9500000000000001,0.4857240100025321,Mpro-P0160_0A,MAT-POS-f9802937-7_Mpro-P0160_0A,EDG-MED-5d232de5-1,1.6489830017089844
119,Cc1cccc2c1c(cnc2)NC(=O)[C@@H]3C[N@H+](Cc4c3cc(cc4)Cl)CC(=O)NC,Mpro-P1889_0A_MAT-POS-5cd9ea36-13_prepped_receptor_0,MAT-POS-e119ab4f-3,0.97,-11.05988883972168,ALL,0.97,0.8902591929926367,Mpro-P1889_0A,MAT-POS-e119ab4f-3_Mpro-P1889_0A,MAT-POS-5cd9ea36-13,1.1637530326843262
120,c1ccc2c(c1)ncn2NC(=O)Cc3cccc(c3)Cl,Mpro-P0108_0A_RAL-THA-2d450e86-6_prepped_receptor_0,JAN-GHE-5a013bed-2,0.9,-6.183385848999023,ALL,0.9,0.8889428004967945,Mpro-P0108_0A,JAN-GHE-5a013bed-2_Mpro-P0108_0A,RAL-THA-2d450e86-6,1.2428805828094482
121,c1ccc2c(c1)cncc2NC(=O)[C@@H]3CCNc4c3cc(cc4)Cl,Mpro-P0160_0A_EDG-MED-5d232de5-1_prepped_receptor_0,EDJ-MED-92e193ae-1,0.93,-8.345813751220703,ALL,0.93,0.38378469424921713,Mpro-P0160_0A,EDJ-MED-92e193ae-1_Mpro-P0160_0A,EDG-MED-5d232de5-1,1.6782987117767334
122,c1ccc2c(c1)cncc2N3CC[C@H](C3=O)c4cccc(c4)Cl,Mpro-P0019_0A_PET-UNK-c9c1e0d8-3_prepped_receptor_0,EDG-MED-5d232de5-7,0.97,-10.011305809020996,ALL,0.97,0.3965062352950843,Mpro-P0019_0A,EDG-MED-5d232de5-7_Mpro-P0019_0A,PET-UNK-c9c1e0d8-3,1.706794261932373
123,CS(=O)(=O)Oc1ccc2c(c1)cncc2NC(=O)Cc3cccc(c3)Cl,Mpro-P2207_0A_MAT-POS-90fd5f68-7_prepped_receptor_0,PET-UNK-7fb4f80a-1,0.8300000000000001,-7.461093425750732,ALL,0.8300000000000001,1.053995185246364,Mpro-P2207_0A,PET-UNK-7fb4f80a-1_Mpro-P2207_0A,MAT-POS-90fd5f68-7,1.328502893447876
124,C[C@@H]1CC[N@](C1)S(=O)(=O)[N@]2Cc3ccc(cc3[C@@H](C2)C(=O)Nc4cncc5c4cccc5)Cl,Mpro-P0160_0A_EDG-MED-5d232de5-1_prepped_receptor_0,MAT-POS-4223bc15-11,0.75,-7.702206611633301,ALL,0.75,2.1694470100524708,Mpro-P0160_0A,MAT-POS-4223bc15-11_Mpro-P0160_0A,EDG-MED-5d232de5-1,1.241436243057251
125,CCS(=O)(=O)N1CCN(CC1)c2cc(cc(c2)Cl)CC(=O)Nc3cncc4c3cccc4,Mpro-P0764_0A_LON-WEI-9739a092-6_prepped_receptor_0,LON-WEI-9739a092-9,0.9,-12.23464298248291,ALL,0.9,0.8940469145181613,Mpro-P0764_0A,LON-WEI-9739a092-9_Mpro-P0764_0A,LON-WEI-9739a092-6,1.5318125486373901
126,c1ccc2c(c1)cncc2NC(=O)[C@@]3(CCOc4c3cc(cc4)Cl)C[NH3+],Mpro-P0831_0A_MAT-POS-96f51285-5_prepped_receptor_0,EDG-MED-971238d3-5,0.91,-9.39826202392578,ALL,0.91,0.7921326240387935,Mpro-P0831_0A,EDG-MED-971238d3-5_Mpro-P0831_0A,MAT-POS-96f51285-5,1.1789915561676025
127,COCC[C@]1(CCNc2c1cc(cc2)Cl)C(=O)Nc3cncc4c3cccc4,Mpro-P0872_0A_ALP-UNI-8d415491-6_prepped_receptor_0,RAL-THA-4aa06b95-7,0.9,-8.307462692260742,ALL,0.9,1.1284580331040455,Mpro-P0872_0A,RAL-THA-4aa06b95-7_Mpro-P0872_0A,ALP-UNI-8d415491-6,0.9585375785827637
128,CN(C)C(=O)N1Cc2ccc(cc2[C@@H](C1)C(=O)Nc3cncc4c3cccc4)Cl,Mpro-P0145_0A_BRU-CON-c4e3408a-1_prepped_receptor_0,MAT-POS-4223bc15-18,0.72,-8.801746368408203,ALL,0.72,1.126984912812,Mpro-P0145_0A,MAT-POS-4223bc15-18_Mpro-P0145_0A,BRU-CON-c4e3408a-1,1.3125278949737549
129,C[N@@H+]1CCc2ccc(cc2[C@@H]1C(=O)Nc3cncc4c3cccc4)Cl,Mpro-P0160_0A_EDG-MED-5d232de5-1_prepped_receptor_0,MAT-POS-fb82b63d-3,0.8300000000000001,-8.698002815246582,ALL,0.8300000000000001,0.73724085555482,Mpro-P0160_0A,MAT-POS-fb82b63d-3_Mpro-P0160_0A,EDG-MED-5d232de5-1,1.2842451333999634
130,C=CC(=O)NC[C@]1(CCOc2c1cc(cc2)Cl)C(=O)Nc3cncc4c3cccc4,Mpro-P1200_0A_MAT-POS-e6dd326d-6_prepped_receptor_0,MAT-POS-e6dd326d-8,0.95,-10.100165367126465,ALL,0.9500000000000001,0.3883252607111572,Mpro-P1200_0A,MAT-POS-e6dd326d-8_Mpro-P1200_0A,MAT-POS-e6dd326d-6,1.7065925598144531
131,CCC(=O)N(c1cncc2c1cccc2)C(=O)[C@@H]3CCOc4c3cc(cc4)Cl,Mpro-P0213_0A_MAT-POS-e69ad64a-2_prepped_receptor_0,VLA-UCB-50c39ae8-7,0.97,-6.387398719787598,ALL,0.97,0.9003963803560564,Mpro-P0213_0A,VLA-UCB-50c39ae8-7_Mpro-P0213_0A,MAT-POS-e69ad64a-2,1.1670812368392944
132,COC(=O)NC[C@]1(CCOc2c1cc(cc2)Cl)C(=O)Nc3cncc4c3cccc4,Mpro-P0160_0A_EDG-MED-5d232de5-1_prepped_receptor_0,MAT-POS-e6dd326d-6,0.9,-5.728347301483154,ALL,0.9,0.9848841963885003,Mpro-P0160_0A,MAT-POS-e6dd326d-6_Mpro-P0160_0A,EDG-MED-5d232de5-1,1.2950365543365479
133,CNC(=O)CN1C[C@H](c2cc(ccc2C1=O)Cl)C(=O)Nc3cncc4c3ccc(c4)S(=O)(=O)C,Mpro-P2224_0A_MAT-POS-e119ab4f-1_prepped_receptor_0,MAT-POS-2e8b2191-12,0.94,-8.379921913146973,ALL,0.9400000000000001,0.6044979394728599,Mpro-P2224_0A,MAT-POS-2e8b2191-12_Mpro-P2224_0A,MAT-POS-e119ab4f-1,1.6074373722076416
134,c1ccc2c(c1)cncc2N3CCC[C@H](C3=O)c4ccc(cc4)Cl,Mpro-P0600_0A_ALP-UNI-3735e77e-1_prepped_receptor_0,ALP-POS-ce760d3f-8,0.99,-8.082009315490723,ALL,0.99,0.4509514784207317,Mpro-P0600_0A,ALP-POS-ce760d3f-8_Mpro-P0600_0A,ALP-UNI-3735e77e-1,1.7780721187591553
135,C[N@@](CCC#N)S(=O)(=O)[N@]1Cc2ccc(cc2[C@@H](C1)C(=O)Nc3cncc4c3cccc4)Cl,Mpro-P1015_0A_MAT-POS-4223bc15-2_prepped_receptor_0,MAT-POS-5cd9ea36-21,0.89,-8.86521053314209,ALL,0.89,0.7450523836355197,Mpro-P1015_0A,MAT-POS-5cd9ea36-21_Mpro-P1015_0A,MAT-POS-4223bc15-2,1.5381357669830322
136,CS(=O)(=O)Nc1ccc2c(c1)cncc2NC(=O)[C@@H]3C[N@](Cc4c3cc(cc4)Cl)S(=O)(=O)CC5(CC5)C#N,Mpro-P1788_0A_MAT-POS-dc2604c4-1_prepped_receptor_0,EDJ-MED-be9e6f63-3,0.89,-7.198683261871338,ALL,0.89,1.2421915325373354,Mpro-P1788_0A,EDJ-MED-be9e6f63-3_Mpro-P1788_0A,MAT-POS-dc2604c4-1,1.5098953247070312
137,C[C@@]1(c2cc(ccc2NC1=O)Cl)C(=O)Nc3cncc4c3cccc4,Mpro-P0878_0A_EDJ-MED-2f867453-1_prepped_receptor_0,EDJ-MED-9e38fd34-1,0.94,-9.345916748046877,ALL,0.9400000000000001,0.3284064536837366,Mpro-P0878_0A,EDJ-MED-9e38fd34-1_Mpro-P0878_0A,EDJ-MED-2f867453-1,1.7645853757858276
138,CNC(=O)C[N@H+]1Cc2ccc(cc2[C@]3(C1)CC(=O)N(C3=O)c4cncc5c4cccc5)Cl,Mpro-P0207_0A_BEN-BAS-c2bc0d80-6_prepped_receptor_0,MAT-POS-1bed62cf-3,0.79,-9.2985258102417,ALL,0.79,1.8029566341879946,Mpro-P0207_0A,MAT-POS-1bed62cf-3_Mpro-P0207_0A,BEN-BAS-c2bc0d80-6,1.3372290134429932
139,CN(C)c1ccc(nc1)N(Cc2cccc(c2)Cl)C(=O)Cc3cncc4c3cccc4,Mpro-P0186_0A_ALP-POS-c3a96089-4_prepped_receptor_0,MAT-POS-6c284e65-1,0.89,-7.897114753723144,ALL,0.89,1.8387281104132942,Mpro-P0186_0A,MAT-POS-6c284e65-1_Mpro-P0186_0A,ALP-POS-c3a96089-4,0.8826243281364441
140,CCNS(=O)(=O)[N@]1Cc2ccc(cc2[C@@H](C1)C(=O)Nc3cncc4c3cccc4)Cl,Mpro-P2089_0A_MAT-POS-5cd9ea36-2_prepped_receptor_0,MAT-POS-5cd9ea36-17,0.97,-9.289687156677246,ALL,0.97,0.6740491373061206,Mpro-P2089_0A,MAT-POS-5cd9ea36-17_Mpro-P2089_0A,MAT-POS-5cd9ea36-2,1.8842277526855469
141,CS(=O)(=O)c1ccc2cncc(c2c1)NC(=O)[C@@H]3CCOc4c3cc(cc4)Cl,Mpro-P0160_0A_EDG-MED-5d232de5-1_prepped_receptor_0,BEN-DND-c852c98b-5,0.93,-8.204179763793945,ALL,0.93,0.6385319138372052,Mpro-P0160_0A,BEN-DND-c852c98b-5_Mpro-P0160_0A,EDG-MED-5d232de5-1,1.4569153785705566
142,C[C@@](c1ccc(c(c1)Cl)Cl)(C(=O)Nc2cncc3c2cccc3)NC(=O)COC,Mpro-P0160_0A_EDG-MED-5d232de5-1_prepped_receptor_0,MAT-POS-e9e99895-11,0.79,-7.257731914520264,ALL,0.79,1.9426397282068266,Mpro-P0160_0A,MAT-POS-e9e99895-11_Mpro-P0160_0A,EDG-MED-5d232de5-1,0.8726171851158142
143,c1ccc2c(c1)cncc2NC(=O)[C@@H]3CN(Cc4c3cc(cc4)Cl)S(=O)(=O)CC5CCOCC5,Mpro-P1983_0A_EDJ-MED-4fff0a85-3_prepped_receptor_0,EDJ-MED-4fff0a85-1,0.95,-9.49717903137207,ALL,0.9500000000000001,1.0860047896425309,Mpro-P1983_0A,EDJ-MED-4fff0a85-1_Mpro-P1983_0A,EDJ-MED-4fff0a85-3,1.5317270755767822
144,c1ccc2c(c1)cncc2NC(=O)Cc3ccc(c(c3)Cl)F,Mpro-P0069_0A_RAL-THA-2d450e86-7_prepped_receptor_0,RAL-THA-2d450e86-6,0.97,-8.72665786743164,ALL,0.97,0.5381278427122864,Mpro-P0069_0A,RAL-THA-2d450e86-6_Mpro-P0069_0A,RAL-THA-2d450e86-7,1.485703468322754
145,COC1CN(C1)S(=O)(=O)[N@]2Cc3ccc(cc3[C@@H](C2)C(=O)Nc4cncc5c4cccc5)Cl,Mpro-P1624_0A_EDJ-MED-1981ceba-2_prepped_receptor_0,EDJ-MED-1981ceba-3,0.95,-8.767474174499512,ALL,0.9500000000000001,0.9656102598023455,Mpro-P1624_0A,EDJ-MED-1981ceba-3_Mpro-P1624_0A,EDJ-MED-1981ceba-2,1.537461757659912
146,CCCNC(=O)CN1C[C@H](c2cc(ccc2C1=O)Cl)C(=O)Nc3cncc4c3ccc(c4)F,Mpro-P2256_0A_EDJ-MED-43f8f7d6-6_prepped_receptor_0,EDJ-MED-e69ed63d-13,0.91,-8.295537948608398,ALL,0.91,0.564723185916939,Mpro-P2256_0A,EDJ-MED-e69ed63d-13_Mpro-P2256_0A,EDJ-MED-43f8f7d6-6,1.576456069946289
147,C[N@@](CC(=O)OC)S(=O)(=O)[N@]1Cc2ccc(cc2[C@@H](C1)C(=O)Nc3cncc4c3cccc4)Cl,Mpro-P1980_0A_MAT-POS-5cd9ea36-18_prepped_receptor_0,MAT-POS-af1eef35-2,0.89,-8.1826810836792,ALL,0.89,1.1308355626749584,Mpro-P1980_0A,MAT-POS-af1eef35-2_Mpro-P1980_0A,MAT-POS-5cd9ea36-18,1.5384020805358887
148,c1ccc2c(c1)cncc2NC(=O)[C@@H]3C[N@](Cc4c3cc(cc4)Cl)S(=O)(=O)N5CC(C5)C#N,Mpro-P1624_0A_EDJ-MED-1981ceba-2_prepped_receptor_0,EDJ-MED-1981ceba-4,0.91,-8.641579627990723,ALL,0.91,0.9215225536973548,Mpro-P1624_0A,EDJ-MED-1981ceba-4_Mpro-P1624_0A,EDJ-MED-1981ceba-2,1.622457504272461
149,c1ccc(cc1)CC(=O)Nc2cncc3c2cccc3,Mpro-P0887_0A_RUB-POS-1325a9ea-4_prepped_receptor_0,RAL-THA-2d450e86-1,0.95,-8.245305061340332,ALL,0.9500000000000001,0.46952967826292985,Mpro-P0887_0A,RAL-THA-2d450e86-1_Mpro-P0887_0A,RUB-POS-1325a9ea-4,1.5550975799560547
150,c1ccc2c(c1)cncc2NC(=O)[C@@H]3C[N@](Cc4c3cc(cc4)Cl)S(=O)(=O)NC5CC5,Mpro-P2147_0A_MAT-POS-5cd9ea36-17_prepped_receptor_0,MAT-POS-5cd9ea36-2,0.97,-8.660832405090332,ALL,0.97,0.7545923145643519,Mpro-P2147_0A,MAT-POS-5cd9ea36-2_Mpro-P2147_0A,MAT-POS-5cd9ea36-17,1.9204554557800293
151,CO[C@]1(CCOc2c1cc(cc2)Cl)C(=O)Nc3cncc4c3ccc(c4)F,Mpro-P0160_0A_EDG-MED-5d232de5-1_prepped_receptor_0,ALP-POS-6f6ae286-3,0.94,-9.014019012451172,ALL,0.9400000000000001,0.659756936892561,Mpro-P0160_0A,ALP-POS-6f6ae286-3_Mpro-P0160_0A,EDG-MED-5d232de5-1,1.3466655015945435
152,C[C@@](c1ccc(c(c1)Cl)Cl)(C(=O)Nc2cncc3c2cccc3)NC(=O)CN4CCN(C4=O)C5CC5,Mpro-P0630_0A_MAT-POS-e9e99895-11_prepped_receptor_0,MAT-POS-e9e99895-6,0.79,-3.634711503982544,ALL,0.79,2.0684337826326438,Mpro-P0630_0A,MAT-POS-e9e99895-6_Mpro-P0630_0A,MAT-POS-e9e99895-11,1.1601961851119995
153,C[C@@]1(CNS(=O)(=O)c2c1cc(cc2)Cl)C(=O)Nc3cncc4c3CCCC4,Mpro-P2243_0B_EDJ-MED-c3ea9889-6_prepped_receptor_0,MIK-ENA-5d9157e9-6,0.75,-9.8339262008667,ALL,0.75,2.9569296819230932,Mpro-P2243_0B,MIK-ENA-5d9157e9-6_Mpro-P2243_0B,EDJ-MED-c3ea9889-6,0.9137550592422485
154,c1ccc2c(c1)cncc2NC(=O)Cc3cc(cnc3)Cl,Mpro-P0887_0A_RUB-POS-1325a9ea-4_prepped_receptor_0,RAL-THA-2d450e86-30,0.89,-7.724062442779541,ALL,0.89,0.5412661332822017,Mpro-P0887_0A,RAL-THA-2d450e86-30_Mpro-P0887_0A,RUB-POS-1325a9ea-4,1.4801781177520752
155,c1ccc2c(c1)cncc2NC(=O)Cc3cccc(n3)Cl,Mpro-P0887_0A_RUB-POS-1325a9ea-4_prepped_receptor_0,MAT-POS-afd4d4fd-2,0.95,-8.29155158996582,ALL,0.9500000000000001,1.5515602022898434,Mpro-P0887_0A,MAT-POS-afd4d4fd-2_Mpro-P0887_0A,RUB-POS-1325a9ea-4,1.5052738189697266
156,CCN(C)S(=O)(=O)[N@]1Cc2ccc(cc2[C@@H](C1)C(=O)Nc3cncc4c3cccc4)Cl,Mpro-P1624_0A_EDJ-MED-1981ceba-2_prepped_receptor_0,MAT-POS-5cd9ea36-16,0.95,-8.70395565032959,ALL,0.9500000000000001,0.9049168419627546,Mpro-P1624_0A,MAT-POS-5cd9ea36-16_Mpro-P1624_0A,EDJ-MED-1981ceba-2,1.8546234369277954
157,Cc1c(cncc1NC(=O)[C@@H]2CCOc3c2cc(cc3)Cl)NC,Mpro-P0145_0A_BRU-CON-c4e3408a-1_prepped_receptor_0,MAT-POS-afb6844f-1,0.89,-8.7753267288208,ALL,0.89,0.45747606180472494,Mpro-P0145_0A,MAT-POS-afb6844f-1_Mpro-P0145_0A,BRU-CON-c4e3408a-1,1.554194688796997
158,C[N@](CC#N)S(=O)(=O)[N@]1Cc2ccc(cc2[C@@H](C1)C(=O)Nc3cncc4c3cccc4)Cl,Mpro-P1624_0A_EDJ-MED-1981ceba-2_prepped_receptor_0,MAT-POS-5cd9ea36-18,0.95,-8.853601455688477,ALL,0.9500000000000001,0.9006217621648905,Mpro-P1624_0A,MAT-POS-5cd9ea36-18_Mpro-P1624_0A,EDJ-MED-1981ceba-2,1.652968406677246
159,CNC(=O)C[N@H+]1Cc2ccc(cc2[C@@H](C1)C(=O)Nc3cncc4c3ccc(c4)F)Cl,Mpro-P2178_0A_MAT-POS-e119ab4f-3_prepped_receptor_0,ALP-POS-6f6ae286-5,0.91,-9.626038551330566,ALL,0.91,0.6948691469859645,Mpro-P2178_0A,ALP-POS-6f6ae286-5_Mpro-P2178_0A,MAT-POS-e119ab4f-3,1.2343740463256836
160,Cn1c2c(cncc2NC(=O)Cc3cccc(c3)Cl)cn1,Mpro-P0065_0A_RAL-THA-2d450e86-13_prepped_receptor_0,RUB-POS-1325a9ea-14,0.93,-8.623224258422852,ALL,0.93,0.36059700414576185,Mpro-P0065_0A,RUB-POS-1325a9ea-14_Mpro-P0065_0A,RAL-THA-2d450e86-13,1.731232762336731
161,c1ccc2c(c1)cncc2NC(=O)[C@@H]3CCN(c4c3cc(cc4)Cl)Cc5[nH]ncn5,Mpro-P0160_0A_EDG-MED-5d232de5-1_prepped_receptor_0,RAL-THA-8416115c-13,0.5,-6.672049522399902,ALL,0.5,2.6424141098953133,Mpro-P0160_0A,RAL-THA-8416115c-13_Mpro-P0160_0A,EDG-MED-5d232de5-1,0.8030237555503845
162,c1ccc2c(c1)cncc2N3CC[C@](C3=O)(c4cccc(c4)Cl)O,Mpro-P0010_0A_PET-UNK-c9c1e0d8-4_prepped_receptor_0,MAT-POS-8695a11f-1,0.94,-10.405611038208008,ALL,0.9400000000000001,0.32254260395166234,Mpro-P0010_0A,MAT-POS-8695a11f-1_Mpro-P0010_0A,PET-UNK-c9c1e0d8-4,1.7807326316833496
163,CC(C)(c1ccc2c(c1)cncc2NC(=O)Cc3cccc(c3)Cl)O,Mpro-P2185_0A_MAT-POS-90fd5f68-2_prepped_receptor_0,MAT-POS-c20a539d-4,0.89,-8.199542999267578,ALL,0.89,1.0301877747299049,Mpro-P2185_0A,MAT-POS-c20a539d-4_Mpro-P2185_0A,MAT-POS-90fd5f68-2,1.3518378734588623
164,c1ccc2c(c1)cncc2NC(=O)[C@@H]3CC(=O)Nc4c3cc(cc4)Cl,Mpro-P0160_0A_EDG-MED-5d232de5-1_prepped_receptor_0,MIC-UNK-45817b9b-1,0.91,-8.172147750854492,ALL,0.91,0.4829334609002672,Mpro-P0160_0A,MIC-UNK-45817b9b-1_Mpro-P0160_0A,EDG-MED-5d232de5-1,1.5534732341766357
165,c1ccc2c(c1)cncc2NC(=O)[C@@H]3C[N@](Cc4c3cc(cc4)Cl)S(=O)(=O)N5CCC5,Mpro-P0160_0A_EDG-MED-5d232de5-1_prepped_receptor_0,EDJ-MED-1981ceba-2,0.75,-8.252418518066406,ALL,0.75,0.7464533294773852,Mpro-P0160_0A,EDJ-MED-1981ceba-2_Mpro-P0160_0A,EDG-MED-5d232de5-1,1.7181293964385986
166,c1ccc2c(c1)cncc2NC(=O)Cc3ccc(cc3)F,Mpro-P0887_0A_RUB-POS-1325a9ea-4_prepped_receptor_0,RAL-THA-2d450e86-7,0.95,-8.286478042602539,ALL,0.9500000000000001,0.35673575668955854,Mpro-P0887_0A,RAL-THA-2d450e86-7_Mpro-P0887_0A,RUB-POS-1325a9ea-4,1.692251443862915
167,CNC(=O)c1ccc2c(c1)cncc2NC(=O)Cc3cccc(c3)Cl,Mpro-P2207_0A_MAT-POS-90fd5f68-7_prepped_receptor_0,MAT-POS-90fd5f68-2,0.95,-7.291914939880371,ALL,0.9500000000000001,0.9508145530337863,Mpro-P2207_0A,MAT-POS-90fd5f68-2_Mpro-P2207_0A,MAT-POS-90fd5f68-7,1.3510504961013794
168,C[C@H]1COc2ccc(cc2[C@@H]1C(=O)Nc3cncc4c3cccc4)Cl,Mpro-P0160_0A_EDG-MED-5d232de5-1_prepped_receptor_0,EDJ-MED-e4b030d8-11,0.97,-9.232641220092772,ALL,0.97,0.32156996093919127,Mpro-P0160_0A,EDJ-MED-e4b030d8-11_Mpro-P0160_0A,EDG-MED-5d232de5-1,1.7992472648620605
169,c1ccc2c(c1)nnn2NC(=O)Cc3cccc(c3)Cl,Mpro-P0108_0A_RAL-THA-2d450e86-6_prepped_receptor_0,MAT-POS-bfb445d4-2,0.9,-6.525902271270752,ALL,0.9,0.8770276625204438,Mpro-P0108_0A,MAT-POS-bfb445d4-2_Mpro-P0108_0A,RAL-THA-2d450e86-6,1.2650222778320312
170,c1ccc2c(c1)cncc2N3CCC[C@@]4(C3=O)CCOc5c4cc(cc5)Cl,Mpro-P2197_0A_ALP-POS-477dc5b7-4_prepped_receptor_0,ALP-POS-477dc5b7-5,0.99,-11.219661712646484,ALL,0.99,0.5268419850723257,Mpro-P2197_0A,ALP-POS-477dc5b7-5_Mpro-P2197_0A,ALP-POS-477dc5b7-4,1.6399412155151367
171,c1ccc2c(c1)cncc2NC(=O)[C@@H]3C[N@](Cc4c3cc(cc4)Cl)S(=O)(=O)C5CC5,Mpro-P1788_0A_MAT-POS-dc2604c4-1_prepped_receptor_0,MAT-POS-4223bc15-3,0.95,-9.71592140197754,ALL,0.9500000000000001,2.231490480873533,Mpro-P1788_0A,MAT-POS-4223bc15-3_Mpro-P1788_0A,MAT-POS-dc2604c4-1,1.0902347564697266
172,c1ccc2c(c1)cncc2NC(=O)[C@@H]3C[NH2+]Cc4c3cc(cc4)Cl,Mpro-P0160_0A_EDG-MED-5d232de5-1_prepped_receptor_0,BEN-DND-f2e727cd-5,0.9,-9.038774490356444,ALL,0.9,0.4312729740078601,Mpro-P0160_0A,BEN-DND-f2e727cd-5_Mpro-P0160_0A,EDG-MED-5d232de5-1,1.5920051336288452
173,CO[C@]1(CCOc2c1cc(c(c2)F)Cl)C(=O)Nc3cncc4c3cccc4,Mpro-P0157_0A_PET-UNK-29afea89-2_prepped_receptor_0,ALP-POS-fe871b40-11,0.89,-10.188192367553713,ALL,0.89,0.6540905992935153,Mpro-P0157_0A,ALP-POS-fe871b40-11_Mpro-P0157_0A,PET-UNK-29afea89-2,1.411081314086914
174,C[N@@H+]1C[C@@H]2C[C@H]1CN2C(=O)C[C@]3(CCOc4c3cc(cc4)Cl)C(=O)Nc5cncc6c5cccc6,Mpro-P0743_0A_KAD-UNI-80f122c8-2_prepped_receptor_0,EDG-MED-ba1ac7b9-13,0.89,-11.518301963806152,ALL,0.89,0.9372457060246528,Mpro-P0743_0A,EDG-MED-ba1ac7b9-13_Mpro-P0743_0A,KAD-UNI-80f122c8-2,1.4400815963745117
175,c1cc2cncc(c2cc1F)N3CC[C@@]4(C3=O)COc5c4cc(cc5)Cl,Mpro-P2197_0A_ALP-POS-477dc5b7-4_prepped_receptor_0,MAT-POS-8293a91a-8,0.95,-10.40546989440918,ALL,0.9500000000000001,0.4272341081998572,Mpro-P2197_0A,MAT-POS-8293a91a-8_Mpro-P2197_0A,ALP-POS-477dc5b7-4,1.6682008504867554
176,c1cc2c(cc1Cl)[C@@H](CNS2(=O)=O)C(=O)Nc3cncc4c3CCCC4,Mpro-P2036_0A_ALP-POS-1cbc2fae-1_prepped_receptor_0,MIK-UNK-78dbf1b8-1,0.97,-9.56998348236084,ALL,0.97,0.7597772534570482,Mpro-P2036_0A,MIK-UNK-78dbf1b8-1_Mpro-P2036_0A,ALP-POS-1cbc2fae-1,1.802849531173706
177,c1ccc2c(c1)cncc2NC(=O)Cc3cccc(c3)C#N,Mpro-P0887_0A_RUB-POS-1325a9ea-4_prepped_receptor_0,RAL-THA-2d450e86-12,0.95,-8.682276725769043,ALL,0.9500000000000001,0.4353804344178049,Mpro-P0887_0A,RAL-THA-2d450e86-12_Mpro-P0887_0A,RUB-POS-1325a9ea-4,1.5688469409942627
178,c1ccc2c(c1)cncc2NC(=O)[C@@H]3CCOc4c3cc(cc4Cl)Cl,Mpro-P0160_0A_EDG-MED-5d232de5-1_prepped_receptor_0,ALP-UNI-3735e77e-2,0.89,-8.327228546142578,ALL,0.89,0.8112589158602803,Mpro-P0160_0A,ALP-UNI-3735e77e-2_Mpro-P0160_0A,EDG-MED-5d232de5-1,1.254210114479065
179,c1ccc2c(c1)cncc2N3C(=O)[C@@]4(CCOc5c4cc(cc5)Cl)NC3=O,Mpro-P0765_0A_BEN-BAS-c2bc0d80-7_prepped_receptor_0,VLA-UCB-29506327-1,0.95,-7.595773696899414,ALL,0.9500000000000001,0.2780087496100683,Mpro-P0765_0A,VLA-UCB-29506327-1_Mpro-P0765_0A,BEN-BAS-c2bc0d80-7,1.9258496761322021
180,c1ccc2c(c1)cncc2N3CC[C@@]4(C3=O)CCOc5c4cc(cc5)Cl,Mpro-P1507_0A_MAT-POS-8293a91a-8_prepped_receptor_0,ALP-POS-477dc5b7-4,0.97,-9.805437088012695,ALL,0.97,0.500085274132049,Mpro-P1507_0A,ALP-POS-477dc5b7-4_Mpro-P1507_0A,MAT-POS-8293a91a-8,1.6373012065887451
181,CN(C)S(=O)(=O)[N@@]1Cc2ccc(cc2[C@@H](C1)C(=O)Nc3cncc4c3cccc4)Cl,Mpro-P0160_0A_EDG-MED-5d232de5-1_prepped_receptor_0,MAT-POS-4223bc15-2,0.81,-8.044198036193848,ALL,0.81,0.9097033379176894,Mpro-P0160_0A,MAT-POS-4223bc15-2_Mpro-P0160_0A,EDG-MED-5d232de5-1,1.5337157249450684
182,c1cc2c(cc1Cl)[C@@H](CCO2)C(=O)Nc3cncc4c3C[NH2+]CC4,Mpro-P0160_0A_EDG-MED-5d232de5-1_prepped_receptor_0,BEN-DND-c852c98b-10,0.94,-8.086308479309082,ALL,0.9400000000000001,0.6029996251507708,Mpro-P0160_0A,BEN-DND-c852c98b-10_Mpro-P0160_0A,EDG-MED-5d232de5-1,1.3865900039672852
183,C[C@]1(CNS(=O)(=O)c2c1cc(cc2)Cl)C(=O)Nc3cncc4c3cccc4,Mpro-P2606_0A_MIK-ENA-5d9157e9-5_prepped_receptor_0,ALP-POS-1cbc2fae-1,0.99,-10.070964813232422,ALL,0.99,0.7070317271996615,Mpro-P2606_0A,ALP-POS-1cbc2fae-1_Mpro-P2606_0A,MIK-ENA-5d9157e9-5,1.9180457592010498
184,CNC(=O)CN1C[C@]2(CCN(C2=O)c3cncc4c3cc(cc4)Cl)c5cc(ccc5C1=O)Cl,Mpro-P2487_0A_EDJ-MED-8bb691af-8_prepped_receptor_0,EDG-MED-b1ef7fe3-1,0.99,-10.534395217895508,ALL,0.99,0.19745783904429512,Mpro-P2487_0A,EDG-MED-b1ef7fe3-1_Mpro-P2487_0A,EDJ-MED-8bb691af-8,1.9008309841156006
185,COC1(CC1)CS(=O)(=O)[N@]2Cc3ccc(cc3[C@@H](C2)C(=O)Nc4cncc5c4cccc5)Cl,Mpro-P1788_0A_MAT-POS-dc2604c4-1_prepped_receptor_0,EDJ-MED-76744c27-4,0.95,-10.065274238586426,ALL,0.9500000000000001,0.5486689116455372,Mpro-P1788_0A,EDJ-MED-76744c27-4_Mpro-P1788_0A,MAT-POS-dc2604c4-1,1.667480707168579
186,CC(C)NC(=O)CN1C[C@H](c2cc(ccc2C1=O)Cl)C(=O)Nc3cncc4c3ccc(c4)F,Mpro-P2224_0A_MAT-POS-e119ab4f-1_prepped_receptor_0,EDJ-MED-e69ed63d-1,0.95,-8.733081817626953,ALL,0.9500000000000001,0.8344020922083383,Mpro-P2224_0A,EDJ-MED-e69ed63d-1_Mpro-P2224_0A,MAT-POS-e119ab4f-1,1.3988120555877686
187,c1cc(c(cc1CC(=O)Nc2cncc3c2ccnc3)Cl)Cl,Mpro-P0069_0A_RAL-THA-2d450e86-7_prepped_receptor_0,VLA-UNK-82501c2c-1,0.95,-7.945652961730957,ALL,0.9500000000000001,0.3508750010429472,Mpro-P0069_0A,VLA-UNK-82501c2c-1_Mpro-P0069_0A,RAL-THA-2d450e86-7,1.720321536064148
188,Cc1ccncc1NC(=O)[C@@H]2CCOc3c2cc(cc3)Cl,Mpro-P0160_0A_EDG-MED-5d232de5-1_prepped_receptor_0,BRU-CON-c4e3408a-1,0.91,-7.955919742584228,ALL,0.91,0.43131512513648945,Mpro-P0160_0A,BRU-CON-c4e3408a-1_Mpro-P0160_0A,EDG-MED-5d232de5-1,1.6559590101242065
189,Cc1cccc(c1)CC(=O)Nc2cncc3c2cccc3,Mpro-P0887_0A_RUB-POS-1325a9ea-4_prepped_receptor_0,RAL-THA-2d450e86-13,0.89,-8.022747993469238,ALL,0.89,1.4873779626975383,Mpro-P0887_0A,RAL-THA-2d450e86-13_Mpro-P0887_0A,RUB-POS-1325a9ea-4,1.4232181310653687
190,c1ccc2c(c1)cncc2N3CC[C@@]4(C3=O)C[N@H+](Cc5c4cc(cc5)Cl)CC(=O)NCC6CC6,Mpro-P2607_0A_EDJ-MED-705e09b8-1_prepped_receptor_0,ALP-POS-ecbed2ba-12,0.91,-10.028918266296388,ALL,0.91,0.7149646729623129,Mpro-P2607_0A,ALP-POS-ecbed2ba-12_Mpro-P2607_0A,EDJ-MED-705e09b8-1,1.5974502563476562
191,c1ccc2c(c1)cncc2N3CCC[C@@]4(C3=O)C[N@](Cc5c4cc(cc5)Cl)S(=O)(=O)CC6(CC6)C#N,Mpro-P1007_0A_MAT-POS-4223bc15-3_prepped_receptor_0,ALP-POS-133e7cd9-2,0.91,-6.359847068786621,ALL,0.91,3.7007644739638623,Mpro-P1007_0A,ALP-POS-133e7cd9-2_Mpro-P1007_0A,MAT-POS-4223bc15-3,0.6485564708709717
192,COCCO[C@H](c1ccc(c(c1)Cl)Cl)C(=O)Nc2cncc3c2cccc3,Mpro-P0135_0A_MAT-POS-de59a476-2_prepped_receptor_0,MAT-POS-de59a476-4,0.91,-9.264212608337402,ALL,0.91,1.9371060833681084,Mpro-P0135_0A,MAT-POS-de59a476-4_Mpro-P0135_0A,MAT-POS-de59a476-2,1.228617787361145
193,c1ccc2c(c1)cncc2NC(=O)[C@@H]3CCOc4c3cc(c(c4)F)Cl,Mpro-P0160_0A_EDG-MED-5d232de5-1_prepped_receptor_0,MAT-POS-a13804f0-3,0.99,-8.691211700439453,ALL,0.99,0.9088049354771843,Mpro-P0160_0A,MAT-POS-a13804f0-3_Mpro-P0160_0A,EDG-MED-5d232de5-1,1.1114916801452637
194,c1ccc2c(c1)cncc2NC(=O)[C@@H](c3cccc(c3)Cl)NC(=O)[C@@H]4CC[C@@H](O4)C(=O)N5CCCC5,Mpro-P0747_0A_MAT-POS-e9e99895-13_prepped_receptor_0,MAT-POS-a13804f0-4,0.72,-5.068477630615234,ALL,0.72,4.2271436623217875,Mpro-P0747_0A,MAT-POS-a13804f0-4_Mpro-P0747_0A,MAT-POS-e9e99895-13,0.8898547887802124
195,c1ccc2c(c1)cncc2N3CCC[C@H](C3=O)c4cccc(c4)Cl,Mpro-P0600_0A_ALP-UNI-3735e77e-1_prepped_receptor_0,PET-UNK-c9c1e0d8-3,0.99,-9.040931701660156,ALL,0.99,1.1160146100561998,Mpro-P0600_0A,PET-UNK-c9c1e0d8-3_Mpro-P0600_0A,ALP-UNI-3735e77e-1,1.022025465965271
196,CNC(=O)c1ccc2cncc(c2c1)NC(=O)Cc3cccc(c3)Cl,Mpro-P2218_0A_MAT-POS-90fd5f68-19_prepped_receptor_0,MAT-POS-90fd5f68-20,0.97,-10.000276565551758,ALL,0.97,0.28463683981153187,Mpro-P2218_0A,MAT-POS-90fd5f68-20_Mpro-P2218_0A,MAT-POS-90fd5f68-19,1.7906253337860107
197,CNC(=O)C[N@H+]1Cc2ccc(cc2[C@]3(C1)CCN(C3=O)c4cncc5c4cccc5)Cl,Mpro-P2607_0A_EDJ-MED-705e09b8-1_prepped_receptor_0,EDJ-MED-8bb691af-4,0.99,-10.097152709960938,ALL,0.99,0.2925720087837684,Mpro-P2607_0A,EDJ-MED-8bb691af-4_Mpro-P2607_0A,EDJ-MED-705e09b8-1,1.8271636962890625
198,c1ccc2c(c1)cncc2N3CC[C@H](C3=O)c4cccc(c4)Cl,Mpro-P0019_0A_PET-UNK-c9c1e0d8-3_prepped_receptor_0,PET-UNK-c9c1e0d8-4,0.97,-10.011305809020996,ALL,0.97,0.3588472308435108,Mpro-P0019_0A,PET-UNK-c9c1e0d8-4_Mpro-P0019_0A,PET-UNK-c9c1e0d8-3,1.7684860229492188
199,c1cc2cncc(c2cc1F)NC(=O)[C@@H]3CCNc4c3cc(c(c4)Cl)Cl,Mpro-P0160_0A_EDG-MED-5d232de5-1_prepped_receptor_0,ALP-UNI-8d415491-6,0.79,-6.760437488555908,ALL,0.79,0.6804685447482934,Mpro-P0160_0A,ALP-UNI-8d415491-6_Mpro-P0160_0A,EDG-MED-5d232de5-1,1.4270730018615723
200,CCC(=O)N(c1cncc2c1cccc2)C(=O)[C@@H]3COc4c3cc(cc4)Cl,Mpro-P0179_0A_VLA-UCB-50c39ae8-7_prepped_receptor_0,MAT-POS-e69ad64a-2,0.95,-5.527185916900635,ALL,0.9500000000000001,0.8668318509774906,Mpro-P0179_0A,MAT-POS-e69ad64a-2_Mpro-P0179_0A,VLA-UCB-50c39ae8-7,1.1202144622802734
201,c1ccc2c(c1)cncc2NC(=O)[C@@H]3CN(Cc4c3cc(cc4)Cl)C(=O)N,Mpro-P0160_0A_EDG-MED-5d232de5-1_prepped_receptor_0,MAT-POS-dd3ad2b5-3,0.8300000000000001,-8.800214767456055,ALL,0.8300000000000001,0.8841379259418155,Mpro-P0160_0A,MAT-POS-dd3ad2b5-3_Mpro-P0160_0A,EDG-MED-5d232de5-1,1.1888927221298218
202,c1cc(cc(c1)Cl)CC(=O)Nc2cncc3c2cccn3,Mpro-P0887_0A_RUB-POS-1325a9ea-4_prepped_receptor_0,MIC-UNK-08cd9c58-1,0.91,-8.15211009979248,ALL,0.91,0.4017417306620803,Mpro-P0887_0A,MIC-UNK-08cd9c58-1_Mpro-P0887_0A,RUB-POS-1325a9ea-4,1.6317490339279175
203,CNC(=O)C1(CC1)N2C[C@]3(CCN(C3=O)c4cncc5c4cccc5)c6cc(ccc6C2=O)Cl,Mpro-P2660_0A_EDG-MED-b1ef7fe3-1_prepped_receptor_0,MAT-POS-e48723dc-2,0.95,-10.578115463256836,ALL,0.9500000000000001,0.46510452227823096,Mpro-P2660_0A,MAT-POS-e48723dc-2_Mpro-P2660_0A,EDG-MED-b1ef7fe3-1,1.855241060256958
204,c1cncc(c1C2CC2)NC(=O)[C@@H]3CCNc4c3cc(c(c4)Cl)Cl,Mpro-P0872_0A_ALP-UNI-8d415491-6_prepped_receptor_0,ALP-UNI-8d415491-1,0.95,-8.48942756652832,ALL,0.9500000000000001,0.3642189548877945,Mpro-P0872_0A,ALP-UNI-8d415491-1_Mpro-P0872_0A,ALP-UNI-8d415491-6,1.787551999092102
205,CN(C)C(=O)c1ccc2cncc(c2c1)NC(=O)Cc3cccc(c3)Cl,Mpro-P2201_0A_PET-UNK-d899bab6-1_prepped_receptor_0,MAT-POS-90fd5f68-21,0.89,-7.243962287902832,ALL,0.89,1.1464829614766339,Mpro-P2201_0A,MAT-POS-90fd5f68-21_Mpro-P2201_0A,PET-UNK-d899bab6-1,1.2444711923599243
206,c1ccc2c(c1)cncc2NC(=O)[C@@H]3CC[N@@](c4c3cc(cc4)Cl)Cc5[nH]ccn5,Mpro-P0160_0A_EDG-MED-5d232de5-1_prepped_receptor_0,RAL-THA-8416115c-5,0.5,-6.083330154418945,ALL,0.5,2.6166968257563763,Mpro-P0160_0A,RAL-THA-8416115c-5_Mpro-P0160_0A,EDG-MED-5d232de5-1,0.87388676404953
207,c1cc2c(cc1F)cncc2NC(=O)C34CC(C3)Oc5c4cc(cc5)Cl,Mpro-P1858_0A_ALP-POS-6f6ae286-3_prepped_receptor_0,EDJ-MED-c3ea9889-6,0.85,-7.694818496704102,ALL,0.85,1.4969782226397588,Mpro-P1858_0A,EDJ-MED-c3ea9889-6_Mpro-P1858_0A,ALP-POS-6f6ae286-3,0.8762889504432678
208,C[C@H]1CN(C(=O)[C@@]12CN(Cc3c2cc(cc3)Cl)S(=O)(=O)CC4(CC4)C#N)c5cncc6c5cccc6,Mpro-P2263_0A_EDJ-MED-8bb691af-6_prepped_receptor_0,MAT-POS-50a80394-1,0.99,-10.516429901123049,ALL,0.99,0.6494031864905491,Mpro-P2263_0A,MAT-POS-50a80394-1_Mpro-P2263_0A,EDJ-MED-8bb691af-6,1.858759880065918
209,c1cc(cc(c1)Cl)CC(=O)Nc2cncc3c2cc(cc3)C(=O)N,Mpro-P2204_0A_MAT-POS-90fd5f68-20_prepped_receptor_0,MAT-POS-90fd5f68-19,0.97,-8.538803100585938,ALL,0.97,0.2402003368913223,Mpro-P2204_0A,MAT-POS-90fd5f68-19_Mpro-P2204_0A,MAT-POS-90fd5f68-20,1.8744518756866455
210,CNC(=O)C1(CC1)N2C[C@H](c3cc(ccc3C2=O)Cl)C(=O)Nc4cncc5c4cccc5,Mpro-P2224_0A_MAT-POS-e119ab4f-1_prepped_receptor_0,EDJ-MED-12c4873b-2,0.94,-9.239048957824709,ALL,0.9400000000000001,0.5308812436960674,Mpro-P2224_0A,EDJ-MED-12c4873b-2_Mpro-P2224_0A,MAT-POS-e119ab4f-1,1.7094199657440186
211,CO[C@H](c1ccc(c(c1)Cl)Cl)C(=O)Nc2cncc3c2cccc3,Mpro-P0069_0A_RAL-THA-2d450e86-7_prepped_receptor_0,MAT-POS-de59a476-2,0.9,-7.994046211242676,ALL,0.9,0.37500934585351386,Mpro-P0069_0A,MAT-POS-de59a476-2_Mpro-P0069_0A,RAL-THA-2d450e86-7,1.6633727550506592
212,c1ccc2c(c1)cncc2N3CCC[C@@]4(C3=O)CCNc5c4cc(cc5)Cl,Mpro-P2197_0A_ALP-POS-477dc5b7-4_prepped_receptor_0,ALP-POS-e0fe77e5-13,0.94,-10.787254333496094,ALL,0.9400000000000001,0.48698368962784344,Mpro-P2197_0A,ALP-POS-e0fe77e5-13_Mpro-P2197_0A,ALP-POS-477dc5b7-4,1.6321158409118652
213,c1ccc2c(c1)cncc2NC(=O)[C@@H]3C[N@H+](Cc4c3cc(cc4)Cl)[C@@H]5CCNC5=O,Mpro-P2178_0A_MAT-POS-e119ab4f-3_prepped_receptor_0,EDJ-MED-12c4873b-5,0.91,-8.612458229064941,ALL,0.91,1.1903252864075016,Mpro-P2178_0A,EDJ-MED-12c4873b-5_Mpro-P2178_0A,MAT-POS-e119ab4f-3,1.037532091140747
214,CCC(=O)N(c1ccc(cc1)C(C)(C)C)[C@H](c2cccnc2)C(=O)NCCc3cccc(c3)F,Mpro-P0630_0A_MAT-POS-e9e99895-11_prepped_receptor_0,LON-WEI-adc59df6-47,0.2399999946355819,0.413247138261795,ALL,0.23999999463558197,5.949301995417818,Mpro-P0630_0A,LON-WEI-adc59df6-47_Mpro-P0630_0A,MAT-POS-e9e99895-11,0.2168394923210144
215,C[N@](c1ccc2cncc(c2c1)NC(=O)Cc3cccc(c3)Cl)S(=O)(=O)C,Mpro-P2214_0B_PET-UNK-7fb4f80a-2_prepped_receptor_0,MAT-POS-90fd5f68-28,0.94,-8.397342681884766,ALL,0.9400000000000001,1.3012406331947273,Mpro-P2214_0B,MAT-POS-90fd5f68-28_Mpro-P2214_0B,PET-UNK-7fb4f80a-2,1.281561017036438
216,CO[C@]1(CCOc2c1cc(cc2)Cl)C(=O)Nc3cncc4c3cccc4,Mpro-P1858_0A_ALP-POS-6f6ae286-3_prepped_receptor_0,EDG-MED-0e5afe9d-3,0.99,-8.930084228515625,ALL,0.99,0.34220445255956505,Mpro-P1858_0A,EDG-MED-0e5afe9d-3_Mpro-P1858_0A,ALP-POS-6f6ae286-3,1.8417251110076904
217,CC(=O)N1Cc2ccc(cc2[C@@H](C1)C(=O)Nc3cncc4c3cccc4)Cl,Mpro-P0160_0A_EDG-MED-5d232de5-1_prepped_receptor_0,MAT-POS-dd3ad2b5-2,0.9,-8.614328384399414,ALL,0.9,0.7626889898777897,Mpro-P0160_0A,MAT-POS-dd3ad2b5-2_Mpro-P0160_0A,EDG-MED-5d232de5-1,1.399657964706421
218,CNC(=O)COC[C@]1(CCOc2c1cc(cc2)Cl)C(=O)Nc3cncc4c3cccc4,Mpro-P0831_0A_MAT-POS-96f51285-5_prepped_receptor_0,ALP-POS-9c80c481-1,0.72,-3.81119704246521,ALL,0.72,1.5586144121733945,Mpro-P0831_0A,ALP-POS-9c80c481-1_Mpro-P0831_0A,MAT-POS-96f51285-5,0.8948503732681274
